user_Id,title,content
0,딸기말차양갱,나머지 양갱물을 넣고 부은 후 냉장고에 2시간 정도 굳힌다. 냄비에 물과 한천을 넣고 20~30분 불린 후 설탕을 넣고 중불에서 저으면서 끓인다. 랩을 씌운 사각무스틀에 양갱물을 약간 부은 후 딸기를 넣어 고정시킨다. 말차가루에 따뜻한 물을 넣고 섞은 후 2에 넣고 섞는다. 말차가루가 남을 경우 체에 한번 걸려주세요. 백앙금을 넣고 잘 섞으면서 끓인다. 적당한 크기에 맞춰 잘라 완성한다.
0,만두그라탕,"두부랑 햄도 올려주시고 만두는 한입 크기로 자르고 깻잎, 청양고추도 올려주세요 모짜렐라랑 체다치즈도 올립니다 양파와 햄, 양송이도 올려주세요. 잔자렌지 5분나눠서 돌려주세요 존비되 재료는 잘 썰어주세요 파스타 소스 올리고"
0,크림떡볶이,그 다음 떡을 넣고 잘 졸여줍니다 중약불 늘러 붙지 않도록 잘 저어주세요. 떡은 물에 씻어 물기를 빼주고 마늘은 편썰어주고 양파는 잘게 다져주세요. 베이컨들끼리 떨어질때 쯤 양파와 마늘을 넣고~ 식용유를 두른 뒤 베이컨을 볶아 줍니다. 양송이버섯이 윤기가 돌면 우유를 넣어주고 후추를 톡톡톡 뿌려 잘 섞어주세요. 양파가 살짝 투명해지면 양송이 버섯을 넣고 살짝 볶아주세요. 완성되면 파슬리가루 톡톡 뿌려주고~ 맛나게 먹어줍니다. 우유가 쫄아 살짝 걸쭉해 지면 체다치즈를 잘라 넣어주고 파마산치즈가루를 뿌려줍니다ㅎㅎ 잘 섞어준 뒤 내가 원하는 농도로 끓여주세요! 이때 양념을 맛보신 뒤 입맛에 맞게 소금을 살짝 넣어주세요.
0,치즈어니언링,"기름을 넉넉히 붓고 양파를 앞뒤로 튀겨 주면 완성 입니다♡ 양파는 3등분 해서 동그란 모양으로 분리해줍니다 큰양파링 안에 작은 양파링을 넣고 모짜렐라치즈를 그 사이에 끼워주세요 튀김가루,계란,빵가루 순으로 튀김옷을 입혀 주세요"
0,충무김밥,김밥김 4등분해서 밥을 올려 말아 줍니다 냄비에 식초1맛술1을 넣어 살짝 삶아서 밥에 깨 참기름 소금을 조금 넣어 살살 섞은 뒤 섞박지 레시피 @6949002 식은 후 양념장을 넣어 무쳐 둡니다 양념장을 만들고 어묵은 육수 2T(물2T)을 넣어 팬에서 볶아 줍니다 오징어는 껍질을 벗겨 다이아몬드 칼집을 넣어 먹기 알맞게 잘라 줍니다
0,가쓰오우동,"건더기 & 액상소스 넣기 물 360ml (종이컵*2잔) 끓으면 버섯, 청경채 넣기 우동면 & 액상소스 먼저 넣고, 건더기 & 가쓰오부시는 남겨요. 우동면 & 액상소스 투척 파를 10번썰어 넣어줍니다"
0,계란또띠아,"계란 껍질을 까준 후, 흰자와 노른자를 분리해줍니다. 계란의 담백함이 담겨있는 또띠아가 완성되었습니다. 샐러드야채나 양파소스를 곁들이면 더욱 맛있어요^^ -양파소스레시피는 제 홈에 있습니다. 그 위에 통밀또띠아를 덮어줍니다. 그리고 난후, 오븐 160도에 15-20분 구워냅니다. 오븐마다 사양이 다르니 치즈가 녹을정도까지 구워내주세요. 또띠아 위에 토마토소스를 올려줍니다. -제가 직접만든 수제토마토소스인데요. 레시피는 홈에서 확인해주세요^^ 오븐에서 또띠아를 꺼내 조금 식혀주고 조각을 내줍니다. 오븐팬 위에 유산지를 깔고 통밀또띠아를 올려줍니다. 저는 한살림에 국산통밀+정제소금약간들어간 통밀로만 된 또띠아를 사용했습니다. 유정란 2개를 삶아줍니다. 환자분들은 유정란,동물복지, 무항생제란을 이용해주시면 좋을 것 같습니다. 자연스트링치"
0,오리엔탈소스,"간장 2큰술을 넣어줍니다. 환자분들은 국산콩간장, 화학첨가물 없는 간장을 이용해주세요~ 골고루 섞어주시면 오리엔탈소스가 완성됩니다. 다진마늘 1작은술 넣어줍니다. 들기름 1큰술을 넣어주세요~~ 참기름을 넣기도하는데, 환자분들은 참기름보다 들기름을 이용하는 것이 좋습니다. 저온압착유나 냉압착유를 사용하는 것도 좋습니다. 레몬즙은 직접 레몬을 사용하여 짜주세요. 레몬즙 4큰술을 양념볼에 담습니다. 아가베시럽 2큰술을 넣어주세요~ 야채를 깨끗히 씻어 물기를 제거해준 후, 야채위에 소스를 뿌려주세요^^ 올리브유 2큰술을 넣어주세요^^ 죽염 조금 넣어줍니다. 1g정도 넣었습니다. 흑후추 1작은술 정도 넣어주세요~"
0,배추된장국,멸치+디포리다시물을 끓여놓습니다 바글 끓으면 배추넣고 대파도 넣습니다 배추가 몰랑한거 좋아하면 푹끓이세요 배추는 적당한 크기로 잘라서 씻어 물기를 뺍니다 양념과 마늘을 넣고 간을 맞춥니다 부족하면 된장추가
0,고구마견과볼,"가루류를 각 그릇에 소분하여 나눠줍니다. 견과류 2줌을 칼등으로 빻거나 칼로 잘게다져줍니다. 고구마 껍질을 까주고, 보울에 넣고 으깨줍니다. 고구마 으깬곳어 견과류를 넣고 장갑을 끼고 버무려줍니다. 고구마를 꺠끗히 씻어, 냄비에 물을 넣고, 2-30분정도 삶아줍니다. 고구마볼을 가루에 굴려가며 골고루 묻혀줍니다. 말차가루, 흑임자가루인데요~ 저는 미숫가루대용인 가루로 이용하여 비정제설탕이 첨가되어있지만 그냥 가루가 있으신분들은 설탕과 섞어서 가루를 만드시거나, 고구마의 단맛만 느끼실분들은 본연 가루만 이용하셔도 좋을 것 같아요^^ 말차,흑임자, 카카오,단호박 등등 가루류를 이용해 맛과 색을 입힐 수 있으니, 있는 가루를 사용하셔도 좋을 것 같아요^^ 버무려준 고구마를 동그랗게 말아 모양을 만들어줍니다. 초간단하지만 맛있고, 건강한 고구"
0,귤탕후루,귤은 껍질을까고 귤락이라고 불리는 귤의 하얀부분을 떼어줍니다(과일에 물기가 없어야되요 저 물기때문에 망했어유) 그다음 귤에 국자로 설탕녹인물을 발라줍니다 그리고 나무젓가락에 귤을 끼워줍니다 그리고 물과 설탕을 넣고 중불에서 끓여줍니다(젓지마세요) 그리고 실온에서 10분동안 말려주면 끝!! 기포가 많아지면 약불로 줄이고 10분타이머를 재고 1~2분 남았을때. 저어서 녹여줍니다 오늘도 굳!!(맛있게 드세요~) 짜잔!
0,배추겉절이,마지막에 썰어놓은 쪽파와 대파를 넣고 다시 한번 버무려주면 맛있는 배추 겉절이 완성입니다 배추가 잘 절여지면 흐르는 물에 주번 헹구어 물기를 빼줍니다 배추가 절여지는 동안 미리 양념을 만들어줍니다 서너 시간 숙성이 되면 양념이 더 맛있겠지요 여기서 잠깐 찹쌀 풀은 양념이 재료에 잘 배어들고 촉촉하게 만드는 역할을 하지요 이번 겉절이는 찹쌀 풀을 귀찮아 안 넣고 버무리려는데 마침 고구마 쪄서 먹다 남은 게 있어서 고구마를 반쪽 넣어보았어요 감자 삶아서 넣는 것에 팁을 얻어 고구마를 넣었더니 특별한 맛 차이는 잘 모르겠지만 왠지 조금 더 맛있는 느낌이었어요 배추는 켜켜이 소금을 뿌려서 절여줍니다 중간에 한두 번 뒤집어 주면서 5시간 절여서 배추를 손으로 꺾어보아 부러지지 않고 구부러지면 잘 절여진 상태입니다 양념이 5시간 숙성되어서
0,삼겹살덮밥,그릇에 밥을 조금 담고 삼겹살을 돌려 담고 남은 국물 소스를 뿌려줍니다 홍고추와 썰어놓은 대파를 고명으로 올려줍니다 다른 반찬 필요 없이 한 끼 식사로 김치와 곁들여 먹었어요 대파 생강 말린 것 통마늘 통후추 커피 된장 월계수잎 사과 소주 로즈마리 넣고 삶으면 구수하고 맛있는 수육 완성입니다 이렇게 수육으로 만들어 먹고 조금 남은 것으로 삼겹살덮밥 만들었어요 맛술 올리고당을 넣고 바글바글 센 불에서 끓이다가 끓기 시작하면 약불로 줄여 국물이 자작할 때까지 졸여줍니다 마지막에 남은 참기름을 넣고 마무리해줍니다 윤기 좌르르 잡내 없는 #삼겹살조림 완성되었습니다 삼겹살 덮밥 #한그릇덮밥 #간단한저녁식사 완성입니다 삼겹살은 먹기 좋게 0.7cm 두께로 썰어서 팬에 올려줍니다 양파는 채 썰고 대파 청홍고추는 송송 썰어줍니다 팬에 삼겹살을 올
0,팥쿠키,"170도로 예열된 오븐에서 15분 정도 구워줍니다. 완성된 쿠키는 식힘망에서 완전히 식혀주세요. 9 g 씩 분할해서 동그랗게 빚은 후 팬닝한 다음.. 가루류가 보이지 않을정도로 섞어줍니다. 그런 후 실온의 달걀을 조금씩 넣어가며 충분히 섞어주세요. 밀가루와 베이킹파우더, 코코아 파우더를 체쳐 넣고.. 버터크림화가 완료되면 팥앙금을 넣고.. 실온에 두어 말랑한 버터를 부드럽게 풀고, 비정제 설탕은 체쳐 넣고 잘 섞어주세요. 완성된 반죽은 비닐봉투에 넣어 냉장실에서 1시간 정도 휴지시켜 줍니다. 주걱으로 잘 섞어줍니다. 중앙을 손가락으로 사진처럼 살짝 눌러주세요."
0,소고기샐러드,"깨소금도 1T 넣으면 오리엔탈 드레싱 완성입니다~~ 다이어트에도 좋고~ 와인안주로도 좋고~~ 손님초대요리로 좋은 소고기샐러드 오늘 저녁 소고기 요리로 소고기샐러드 어떠신지요~?? 먼저 샐러드용 채소들은 먹기좋은 크기로 썰어서 깨끗이 씻은뒤 체에 밭쳐 물기를 쭉 빼주세요 샐러드용 채소는 기호에 맞게 좋아하는 채소들로 사오시면 된답니다 샐러드에 올라가는 토핑도 만드는 사람 마음이랍니다 오로라는 간단하게 아보카도랑 아몬드슬라이스,건블루베리를 준비했답니다 설탕은 1T 레몬즙은 3T 넣어주세요 짜릿함을 좋아하신다면 레몬즙대신 식초를 넣으셔도 된답니다 소고기는 기호에 맞게 구워주세요 오리엔탈 드레싱과 같이 곁들일거니깐 소고기에 밑간은 따로 안했답니다 후추만 살짝 톡톡~ 소고기도 구운뒤 먹기좋은 크기로 썰어주시고요 수제 오리엔탈 드레"
0,떡꼬치,다진마늘 투하! 고추장 투하! 케찹 투하! 간장 투하! 마요네즈 투하! 설탕 투하! 떡볶이떡을 투하한다. 이제는 소스를 만들어볼께요. 중불에 3분을 먼저 데우고 약불에 3분을 데워줍니다. 짜라란 짜잔 튀긴 떡볶이떡에 소스를 발라주세요. 맛있게드세욧! 후라이팬에 기름을 두르고
0,감자짜글이,"감자, 스팸 그리고 냉장고속 자투리 버섯들 준비 하시면 됩니다. 저는 새송이버섯을 준비 했어요. 감자가 푹 무르고, 국물이 잘박잘박할때까지 조려 주시면 됩니다. 감자가 푹 잠기도록 물을 부어 주고 끓여 줍니다. 센불로 끓이다가 끓기 시작하면 약불로 조리듯이 뭉근하게 끓여 줍니다. 감자는 도톰도톰하게 썰어 주고 새송이버섯, 양파, 대파는 적당하게 썰어 줍니다. 스팸은 끓는 물에 가볍게 데쳐 주고 비닐팩에 넣어 으깨 줍니다. 냄비에 감자, 스팸 그리고 채소들을 다 넣어주고 양념도 모두 넣어 줍니다."
0,쉬림프토마토스파게티,"냉동칵테일새우는 미지근한 물에 잠깐동안 담궈 해동시켜 줍니다. 아니면 뜨거운 물에 여러번 헹구어 주어도 되어요. 면은 시간이 좀 걸리니 미리 삶아 놓거나, 면 삶을 물을 소스 만들때 함께 옆불에 올려서 준비하고 면을 삶으면서 소스를 준비하면 시간이 단축된답니다. 물이 끓으면 스파게티면과 올리브오일 한방울을 넣어 끓여 줍니다. 약 8분 정도 끓여 줍니다. 면이 다 삶아지면 체에 건져 물기를 빼 줍니다 새우가 익으면 데친 브로콜리를 넣어 한번더 끓여 줍니다. 송송 썬 토마토를 넣어 함께 끓여 줍니다. 송이버섯은 납작하게 썰어주고, 양파는 먹기 좋은 한입크기로 썰어주고, 통마늘은 편으로 썰어 줍니다. 스파게티소스에 면을 넣어 골고루 섞어 줍니다. 양파가 선명해지면 양송이버섯을 넣고 볶아 주다가 버섯이 익으면 옥수수알과 토마토스파게티소스를 부"
0,꽃게볶음밥,"그릇에 담아냅니다. 꽃게가 익는 동안 다른 달군 팬에 버터를 녹여줍니다. 버터1큰술 다진 마늘을 버터에 볶아줍니다. 다진 마늘1큰술 마늘향이 올라오면 밥과 후춧가루, 소금을 넣어 볶아줍니다. 밥2공기, 후춧가루 약간, 소금 약간 새송이버섯을 반달썰기하여 함께 볶아줍니다. 새송이버섯1개 설탕, 두반장, 간장, 참기름, 고추기름, 칠리소스를 넣어 볶아줍니다. 설탕1큰술, 두반장2큰술, 간장1큰술, 참기름1큰술, 고추기름2큰술, 칠리소스2큰술 손질한 꽃게는 먹기 좋은 크기로 등분하여 넣어줍니다. 뚜껑을 덮어 찐다는 느낌으로 익혀줍니다. 꽃게1마리(저는 절단 꽃게를 사용해서 크기가 작아 5마리 넣어줬어요.) 익은 꽃게와 볶음밥을 섞어줍니다. 채썬 풋고추를 넣어 볶아줍니다. 풋고추1개 카놀라유, 생강술, 다진 대파를 넣어 볶아줍니다. 카놀라유2큰술, 생강술1큰술,"
0,떡갈비밥버거,"구워진 떡갈비를 올리고 양념한 밥을 또 올려줍니다. 떡갈비1장 그릇에 랲을 깔고 양념한 밥을 깔아줍니다. 김치에 참기름이 베이면 채썬 양파를 넣어 볶아줍니다. 양파1/2개 깨끗히 씻은 양상추에 물기를 빼준 후 먹기 좋은 크기로 잘라 밥 위에 얹어줍니다. 양상추1장 다진 김치는 참기름을 넣은 후 달군 팬에 볶아줍니다. 다진 김치 한줌, 참기름1큰술 따뜻한 밥에 참기름, 소금, 깨, 김가루를 넣어 섞어줍니다. 밥2공기, 참기름1작은술, 소금 약간, 통깨1작은술, 김가루1/2컵 떡갈비는 달군 팬에 기름을 두르고 앞, 뒤로 노릇노릇하게 구워줍니다. 떡갈비2개, 식용유1큰술 부순 깨를 뿌려 마무리합니다. 깨 약간 양상추 위에 치즈를 올리고 만들어놓은 김치볶음 을 올려줍니다. 치즈1장 양파가 반쯤 익으면 설탕, 고춧가루를 넣어 볶아줍니다. 설탕1큰술, 고춧가루1큰술 접시에"
0,견과류멸치볶음주먹밥,@6951684 밥새우가 들어간 견과류멸치볶음 레시피네요 견과류멸치볶음3~4큰술과 김가루를 넣고 잘 섞어 비벼주세요 *밥이 뜨거우니 조심하세요 남은 밑반찬인 견과류 멸치볶음으로 뚝딱 만들어진 영양만점인 주먹밥이 완성이 되었네요 요즘 방학기간이라서 아이들점심이 고민이신 워킹맘들이 많으시죠 아침에 후다닥 만들어 도시락에 담아놓으셨다가 아이들보고 챙겨먹으라하기 딱좋고 도시락을 매일 싸가지고 가시는 직장인들도 좋네요ㅎ 마요네즈와 돈까스소스를 위생장갑 손가락부분에 조심씩 담아주시고 가위로 끝에 아주조금만 잘라주시고 견과류 멸치주먹밥위에 뿌려주시면 되세요 짤주머니가 편하지만 소량으로 쓰시기에는 위생장갑이 짱이네요ㅎㅎ 돈까스소스는 귀찮아서 그냥 뿌렸더니 볼폼은 없네요ㅜㅜ 큰볼에 밥한공기 또는 햇반1개를 전자렌지에 돌려서
0,블루베리요거트,2가지 재료를 핸드믹서로 갈아줍니다. 요구르트 150ml를 준비합니다. 유기농블루베리 10알을 준비합니다. 컵에 담아주면 블루베리요거트 완성^^
0,참소스,2배 식초 50ml를 넣는 다 일반 식초일 경우 50~75ml를 넣어도 좋다 매실청 50ml를 넣는 다 물 100ml를 넣는 다 앞접시에 양파를 담고 소스를 담은 후 통깨를 솔솔 뿌려준다 양파 1개는 아주 얇게 채썰어준다 양파의 매운맛이 싫으면 썰은 후 찬물에 담궜다가 먹는 다 진간장 50ml를 넣는 다 참기름 1T를 넣고 골고루 섞어준다
0,닭봉구이,"닭봉이 구워지는 동안 볶음밥 을 만들어줍니다. 달군 팬에 기름을 두르고 다진 마늘을 볶아줍니다. 식용유1큰술, 다진 마늘1큰술 닭봉이 재워지면 200℃로 예열한 오븐에 25분간 익혀줍니다. 마늘이 익으면 칵테일새우를 넣어 볶아줍니다. 칵테일새우10마리 마늘향이 올라오면 다진 감자를 넣어 볶아줍니다. 감자1개 버섯볶음밥 완성~!! 볶음밥에 대파를 넣어 함께 볶아줍니다. 대파1/4개 볶음밥을 하는 동안 닭봉구이가 완성되었네요. 불을 끄고 참기름을 넣어 섞어줍니다. 참기름1큰술 새송이버섯볶음밥 과 함께 곁들여 먹습니다. 새우가 거의 익으면 다진 새송이버섯을 넣어 볶아줍니다. 새송이버섯1개 설탕, 생강술, 간장, 고추기름, 칠리소스, 케첩, 고추장, 다진 마늘, 소금, 후춧가루를 섞어 양념장을 만듭니다. 설탕2큰술, 생강술1큰술, 간장2큰술, 고추기름1큰술, 칠리소스"
0,연어타다끼,"겉은 익혔고 ,속은 안익은 것 보이시죠? 벌써부터 군침이 돕니다. 구워낸 연어를 그릇에 옮겨담고 그 위에 폰즈소스를 뿌려줍니다. 옆에 양파+오리엔탈소스 버무린 양파샐러드를 놓아주세요~ 구워낸 연어를 꺼내어 연어가 으스러지지않게 잘 잡고 김밥썰듯이 슥슥썰어줍니다. 물에 한번 헹궈줍니다. 양파 매운맛을 없애기위해 찬물에 2-30분 담가놓습니다. 양파는 오리엔탈소스 만든것에 버무려서 양파샐러드를 만들어줍니다. -오리엔탈소스 레시피는 제 홈에서 확인해주세요^^ 연어 앞뒷면을 죽염, 흑후추를 골고루 발라주고, 20분간 숙성시킵니다. 연어를 숙성시키는 동안 연어에 뿌려먹을 폰즈소스를 만들어줍니다. 간장5큰술,물10큰술,레몬즙5큰술,아가베시럽1-2큰술,갈은깨2큰술을 섞어주면 완성^^ 저는 연어양이 적어서 소스가 조금 남았어요~남은 소스는 조그만 유리병"
0,새우토마토스파게티,"그러고 나서 바로 새우를 넣고 볶아주는데 이때 새우에 물기가 있으면 튈 우려가 있으니 항상 조심하셔야 해요!! 끓고 있는 소스에 면을 넣어줘요 나머지 토마토를 넣고 후추를 조금 넣어 밑간을 살짝 해줍니다. 모든 재료가 어우러지면 시판용 토마토소스를 넣어줘요~ 저는 면 2-3인분으로 2컵 정도 넣어줬어요 불을 약불로 줄이고 면수나 치킨 육수를 100ml 정도 넣고 스파게티 면과 골고루 잘 섞어줘요. (저는 집에 치킨 브로스가 있어서 넣어줬어요. 이 브로스가 감칠맛을 내줍니다) 면과 스파게티 소스가 잘 어우러지면 불을 꺼요 새우가 붉게 색이 변하면 양파, 고추를 넣어주어요 야채가 준비되면 스파게티 면을 삶아줘요~끓는 물에 소금을 넣고 면을 넣어 10분 이내로 삶아줍니다. 그러고 나서 체에 건져 물기를 빼주고 올리브 오일을 넣어주면 면이 서로 달라붙지 않아요"
0,쫄면,"고추장3큰술, 고추가루1.5큰술, 식초8큰술, 올리고당3큰술, 다진마늘1티스푼, 설탕1.5큰술, 사과즙10큰술을 넣고 섞어주세요 사과즙은 사과껍질을 벗기고 강판에 갈아서 채에 받쳐주세요. 걸러진 즙만 사용하시면 돼요. 그릇에 물기 빠진 면을 담고 썰어놓은 야채를 예쁘게 올려주세요. 양념장3큰술을 위에 올리고 마지막으로 참기름1티스푼, 깨를 살살 뿌려주면 완성이에요^^ 당근도 가늘게 채썰고 계란은 껍질을 까서 놓으면 재료 준비 끝이에요. 삶은 계란은 찬물에 헹구어 담가 놓으세요. 양념장을 먼저 만들어 주세요. 하루전에 미리 만들어 숙성하면 더 좋아요. 양배추도 가늘게 채썰어 주세요. 오이는 가늘게 채썰어 주세요. 이제 면을 삶아야죠. 붙어있는 쫄면은 물에 담구고 손으로 비비면 쉽게 떨어져요. 물이 끓으면 면을 넣고 3분~3분30초 정도 삶아주세요. 익은 면은"
0,허니버터고구마,가열된 후라이팬에 버터 한스푼을 넣고 녹여주세요 고구마를 넣고 잘 볶아주세요 골고루 잘 볶아주시면 색이 노랗게 변한답니다 그러면 완성된거예요 껍질을 버낀 고구마는 채칼로 얇게 썰어주세요 버터를 골고루 펴발라줍니다 설탕 한스푼과 꿀 두바퀴를 둘러줍니다
0,콩나물제육볶음,"*고기밑간 간장2,맛술2,마늘1, 후추 2톡톡 고기가 반쯤 익었을때 콩나물과 파를 넣고 같이 볶아요. 콩나물 두줌 넣었답니다. 고기위에 고춧가루2, 황설탕1, 마늘1, 간장2, 맛술1, 매실청1, 굴소스1, 고추장2, 후춧가루 3톡톡톡 전부 넣어주세요. 안달게 드시는 분들은 설탕이나 청 둘중 하나만 넣으셔도 좋아요. 양파에서도 단맛이 나와요! 돼지고기 앞다리살 600g(한근) 먹기좋게 잘라 준비해주세요. 뒤집개 주걱등등 양손에잡고 섞어주셔요~ 콩나물섞기가 한손으로 힘들어요 랩으로 덮어 잠시 숙성시켜주세요. 시간없으시면 바로볶으셔도 돼요. 버무려주세요 식용유 살짝두르고 달궈진 팬(깊이감있는걸로)에 드실양만큼 덜어 볶고 나머지는 밀폐용기에 담아 냉장보관 합니다. 저는 다볶았어요~ 주말저녁 만들어본 콩나물 제육볶음 입니다^^ 채소를 적당하게 채썰어 준비해두고 콩"
0,항정살덮밥,"접시에 밥을 담은 후 항정살볶음을 올리고 검은 깨를 뿌려줍니다. 검은깨 약간 찐 항정살을 먹기 좋은 크기로 썰어준 후 편으로 썬 마늘, 간장, 올리고당을 넣어 구워줍니다. 마늘3톨, 간장1큰술, 올리고당1큰술 찜통에 밑간한 항정살과 생강을 넣어 쪄줍니다. 생강1톨 항정살에 청주, 소금, 후춧가루를 넣어 밑간합니다. 항정살300g, 청주1큰술, 소금 약간, 후춧가루 약간 항정살을 찌는 동안 양파를 구워줍니다. 달군 팬에 기름을 두르고 간장, 참기름, 소금, 후춧가루를 넣어 앞뒤로 구워줍니다. 양파1/2개, 식용유1큰술, 간장1큰술, 참기름1큰술, 소금 약간, 후춧가루 약간 항정살이 구워지면 구운 양파, 채썬 풋고추, 알맞은 크기로 자른 부추, 고추기름을 넣어 섞어줍니다. 풋고추1큰술, 부추 취향껏, 고추기름1큰술"
0,과일샌드위치,계란은 동그랗게 부쳐서 올려주세요 랩으로 두번정도 돌돌 말아 반으로 썰으니 먹기좋게 되었네요 마트에가면 동그란 햄을 팔아서 썰어야하는 노동이 필요없어요 아보카도와 사과는 슬라이스로 썰어 펴주시고요 양상추와 루꼴라를 깨끗이 씻어 살포시 올려주세요 어니언소스나 토스트 소스를 바릅니다 완성 모양은 이쁘나 먹기가 불편하니~ 크루아상이나 식빵을 팬에 살짝 구워서 반을 자르세요 크림치즈 한스픈을 올리면 샌드위치가 더 부드러워요 햄과 계란 사이에 캐찹을 뿌직 뿌려주시고
0,파채무침,"가운데를 살짝 눌러 놓고 그 자리에 계란노른자를 올려 줍니다. 그리고 통깨를 솔솔 뿌려 주시면 초간단하게 만드는 집에 있는 고추장, 식초, 간장만으로 만들 수 있는 파채무침 완성입니다. 노른자를 터트려서 잘 섞어서 드시면 더욱 고소한 맛의 파채를 즐기실 수 있습니다. 참고로, 매실액이 없으시면 설탕을 사용하셔도 됩니다. 레몬청도 괜찮고요. 자몽청도 괜찮습니다. 자몽청을 언니가 만들어 주었는데 이곳저곳 생으로 먹는 샐러드나 무침에 넣으니까 아주 맛있더라구요. 특히 샐러드에 치즈와 함께 해서 먹으면 더욱 맛있습니다. 유자청으로도 가능하니 샐러드 드레싱으로 한번 사용해 보세요. 파채를 구입하면 길게 되어 있어서 먹기에는 힘듭니다. 그래서 3-4등분으로 잘라 줍니다. 여기에 고추장, 식초, 매실액, 다진마늘, 양조간장, 참기름을 넣은 양념장을 파채"
0,김치찌개,"국간장도 1큰술 넣고 다진마늘 1큰술, 소금 1작은술, 고춧가루는 2큰술 넣었어요 그리고 김치가 투명해질정도로 푹 끓여주세요 만약 라면사리라도 넣어 드실거라면 물을 넉넉히 넣고 끓여주세요 김치는 푹 익은 묵은지를 써야해요 그냥 잘 익은정도가 아니라 신김치여야 김치찌개를 끓였을때 제 맛이 나더라구요 냄비에 물을 넉넉히 채우고 큼직하게 손질한 고기를 넣었어요 (전 다짐육을 넣었지만요) 대파도 송송 썰어넣고 넣어주세요 뒷다리살과 새우젓 넣고 한시간 정도 푹 끓여준뒤 묵은지를 넣어주세요 끓여가며 먹기전에 가위로 잘라주는게 포인트 배추뿌리부분만 잘라내고 넣어주세요 방송에선 한돈 뒷다리살 덩어리를 깍뚝썰기해서 넣던데 전 집에 뒷다리살 다짐육이 있어 이걸로 해봤어요. 고기 부위는 별 상관없어요 새우젓을 넣고 1시간 이상 푹 끓여주세요."
0,부추전,"건새우는 넘 오래된거라면 프라이팬에 한번 볶아주고 좀 크다 싶으면 살짝 다져 반죽에 쓸 물에 잠시 불렸다 넣으면 좋아요. 그냥 먹어도 맛있지만 뭔가 찍어먹고 싶다면 초간장을 만들어서 곁들여보세요. 진간장 1큰술,식초 1큰술, 설탕 1/2큰술 섞어주면 부추전 양념장 완성! 넘 세지 않은 불에서 노릇노릇하게 익혀주면 끝~ 다진 마늘도 넣었어요 당근은 없어도 되지만 색감을 위해 넣어주는데 채칼로 썰거나 얇게 채썰어 주세요 매콤한 청양고추, 감칠맛나는 멸치액젓, 고소한 건새우, 색감과 식감을 살리는 당근을 넣어준게 포인트~ 멸치액젓도 넣어주세요 볼에 이렇게 부추와 당근, 청양고추, 부침가루, 물, 건새우, 멸치액젓, 다진마늘을 넣었으면 조물 조물 버무려주세요 부추는 깨끗이 씻어 대략 손가락 두마디 정도 약 5cm 길이로 썰어 주세요. 부침가루와 물도 넣어주"
0,동태전,계란은 골고루 풀어 줍니다. 동태포에 밀가루 옷을 입혀 줍니다. 밀가루를 앞뒤로 묻혀 톡톡 털어 줍니다. 동태포에 소금과 후추가루를 뿌려 살짝 재워 줍니다. 앞뒤로 노릇노릇 하게 부쳐 줍니다. 중불에서 달군 팬에 기름을 두르고 계란물을 입힌 동태포를 올리고 썰어 놓은 홍고추를 올려 줍니다. 홍고추는 가늘게 송송 썰어 줍니다.
0,애호박볶음,"불을 끄고 참기름을 1/3t정도만 두르면 애호박볶음 완성! 그래, 이맛이야! 양파는 채를 썰어주세요 애호박은 반달모양으로 잘라주세요 대파는 다져주세요 차가운 팬에 식용유를 두르고 파와 마늘을 올린 후 팬을 강불로 가열해 파의 향이 올라올 때 까지 파기름을 내줍니다. (팬을 가열하기 전에 미리 재료를 넣어 파와 마늘이 타는 것을 막아주세요) 파향이 올라오면 중불로 줄이고 썰어놓은 애호박과 양파를 넣고 2~3분 정도 볶고 다시다 1/4t , 굴소스 2/3t, 설탕1/5t 를 넣고 호박과 양파가 익을 때 까지 한번더 볶아주세요. 설탕은 맛을 보시며 기호에 맞게 넣어주세요. 단 게 싫으시면 안넣으셔도 됩니다 : )"
0,감자볶음,"감자는 일정한 두께로 채를 썰어주세요. 파는 다져서 준비해주세요. 감자를 채썰기 어려운 분은 채칼을 이용하셔도 좋아요! 차가운 팬에 식용유를 두르고 파를 올린 후 팬을 강불로 가열해 파의 향이 올라올 때 까지 파기름을 내줍니다. 파향이 올라오면 감자를 넣어주세요. 강불 -팬을 가열하기 전에 미리 재료를 넣어 파가 타는 것을 막아주세요 -감자의 두깨가 일정할 수록 골고루 익고 간도 잘 배여요 파향이 올라오면 중불로 줄이고 감자를 넣어 볶다가 다시다-소금-후추 순으로 양념을 넣고 감자가 익을 때 까지 볶아주면 초간단 감자볶음 완성입니다. 그래, 이맛이야! 중불"
0,나가사키짬뽕,굴소스 설탕 미원 넣고 끓어오르면 후추가루 살짝 다진마늘 대파채 넣고 간장1큰술 넣고 면위에 담아냅니다 면을 삶아서 찬물에 헹구어 다시 뜨거운 물에 데쳐 그릇에 담아 준비하고 센불에서 볶아서 불맛을 내고 양파 배추 채썰고 청경채 청홍피망 먹기좋게 썰어 준비하고 해물은 살짝 데쳐 준비하고 육수를 두국자반 정도 넣고 육수가 없으면 치킨스톡 1작은술 정종 1큰술 넣고 준비한 재료를 넣고 칼칼하고 깊은 맛이 진한 나가사키 짬뽕 만들기 완성 되였습니다 펜에 식용유 1큰술 두르고 마른고추 향을 내고
0,닭가슴살장조림,"간장 70ml를 넣으세요 짠거 싫어 하시면 간장을 두번으로 나눠서 알맞게 맞추어 주세요 깐마늘과 대파를 넣고 먼저 끓여 주세요. 달걀도 먼저 넣어 주었어요 냄비에 물을 300ml 넣어요 단짠하게 조림한 닭가슴살 장조림 완성이에요. 닭안심을 사용하셔도 괜찮습니다. 간단하고 맛있는 밑반찬으로 만들어 보세요 닭가슴살은 익혀 나온 제품을 사용하셔도 되고, 익히지 않은 제품은 맛술과 향신료를 넣고 삶아서 사용해요. 저는 익혀 나온 닭가슴살을 사용했어요. 삶은 계란도 준비했어요. 꽈리고추는 꼭 넣어주셔야 맛있어요. 깐마늘 대신 마늘가루 사용하셔도 되요. 닭고기는 먹기 좋게 결대로 찢어 놓아요 대파와 마늘의 향이 우러나면 마지막으로 꽈리고추를 넣고 1분 정도만 조림해요 매콤하게 청양고추를 넣으셔도 좋아요 생강가루 1/3티스푼을 넣어요 설탕 2큰술을 넣으세"
0,콩나물무침,"고추가루 2큰술을 넣어요 그릇에 물기뺀 콩나물과 대파 , 홍고추를 넣으세요 끓는 물에 씻은 콩나물을 넣고 데쳐 주세요 여기서 중요한 점 !!! 아삭한 콩나물무침을 만들기 위해서는 데치는 시간이 중요해요 딱 2분 30초 동안 데쳐 줍니다 다진마늘 1큰술을 넣어요 대파와 홍고추를 썰어 주세요 데친 콩나물은 찬물에 두세번 헹구어 주세요. 채반에 담아 물기를 아주 충분히 빼주셔야 합니다. 마지막으로 간을 보고 부족하면 소금을 추가해요 통깨를 뿌려 마무리 해요 맛간장 1큰술과, 진간장 0.5큰술을 넣어요 맛간장 대신 참치액을 사용하셔도 좋고, 모두 없으면 진간장만 넣으셔도 되요 소금 1티스푼을 넣으세요 아삭한 매콤 콩나물무침 맛있게 만들어 보세요 조물조물 살살 무쳐 주세요 중간에 콩나물을 아래 위를 뒤집어 섞어 주세요 참기름 2큰술을 넣어요 콩나물은 두세"
0,김밥,"계란말이가 한김 식으면 길게 5등분으로 잘라 줍니다. 구운 김밥김 위에 5등분한 밥 한덩이를 고루 펴 줍니다. 그리고 준비한 계란말이, 단무지, 햄을 올려 단단하게 돌~ 말아 줍니다. 요렇게 계란말이 김밥 5줄을 말았습니다. 그리고 계란 8개, 소금 1/2작은술을 넣어 줍니다. 그리고 뒤집개 두개를 사용해 앞, 뒤 좌,우 돌려 가면서 노릇하니 익혀 줍니다. 김밥 단무지 5줄 을 준비했습니다. 김밥 햄 100g을 준비했습니다. 열줄짜리 김밥햄을 두개씩 붙여 5줄로 잘라 주었지요. 그리고 달군 마른팬에 앞, 뒤 까실하게 구워 주었습니다. 달군 팬에 식용유를 살짝 두르고 중~약불에서 준비한 계란물을 팬 바닥에 고르게 얇게 한층 펴 줍니다. 당근 1/4개를 잘게 다져 시금치와 함께 담아 줍니다. 모든 재료가 고루 잘 섞이게 잘 저어 줍니다. 바닥면이 익으면 계란을 돌~ 말아 한쪽으로"
0,상추치커리무침,만들어진 양념장을 고루뿌려주세요 볶아진통깨를 곱게 갈아서 넉넉하게 뿌려주세요 상추도 깨끗하게 씻어준후 손으로 찢어서 넣어주세요 양념을 모두 섞어서 양념장을 만들어주세요 단맛/새콤한맛은 개인취향껏 넣고 빼세요 *저는 짠맛을 줄기이기위해 조림간장을 이용했지만 액젓을 조금만 넣어주셔도 좋아요 양념이 고루베이게 살살 털어주듯이 무쳐주시면 완성이네요 치커리를 준비후에 깨끗하게 씻어 물기를 털어내고 한입크기로 잘라주세요
0,계란순대전,계란3개와 청양고추를 곱게 다져서 넣고 소금2꼬집을 넣어 잘풀어주세요 *매운맛이 싫으신분은 대파를 곱게 다져서 넣어주셔도 되세요 노릇해지면 뒤집어주세요 뒤집은 순대위에 남은 계란물을 고루부어주신후 가스불을 약불로 내려주시고 뚜껑을 덮어주신후 1~2분을 그대로 두시고 가스불을 꺼주신후 뚜껑을 바로열지마시고 1분을 그대로 두셨다가 열어주시면 완성이네요 먹고남은 순대를 냉장고에 넣어두었더니 완전 딱딱해졌네요 *시판용으로 잘라져서 진공포장된것도 있어요 그걸 이용하셔도 되세요 잘라진순대를 풀어준 계란물에 넣어주세요 중약불에 팬을 올려주시고 올리브유를 넣고 계란물에 버무려준 순대를 건져서 올려주세요 청양고추를 넣어서 매콤하면서도 계란의 고소한맛이 더해진 순대전이네요ㅎ 딸랑구는 그냥순대먹는것보다 이게 더맛있다고 앞으
1,만두피디저트,180℃로 예열한 오븐에 10분간 굽는다 다진 딸기를 넣고 잘 섞어 준다 딸기를 잘게 다진다 머핀틀에 만두피를 깔고 식용유를 바른다 반죽 완성 생딸기를 예쁘게 장식 한다 슈거파우더를 솔솔 뿌린다 식힘망에 식힌다 충전물을 짤주머니에 담아 만두피에 적당량 채운다 크림치즈.우유.슈거파우더를 넣고 잘 섞는다
1,파래무침,"깨소금 듬뿍 뿌려 마무리 해 줍니다. 무는 가늘게 채썰어 주고 소금 살짝 뿌려 줘도 좋아요. 무채를 넣고 소금, 식초를 넣어 골고루 버무려 줍니다. 이때 입맛에 따라 부족한간 해주면 되는데... 이대로도 새콤달콤 맛있어요. 소스가 끓어 오르면 뜨거운 소스를 파래에 부어 주고 조물조물 무쳐 줍니다. 소스팬에 물엿 4T, 매실청2T, 다진마늘1T를 넣고 바글바글 끓여 줍니다. 파래는 천일염 넣어 바락바락 치대어 씻어 줍니다. 파래와 무한토막 준비 했어요."
1,양배추스프커리,국자로 슬슬 저어가며 끓이다가 약간 점도가 생기면 불을 끈다. 물 200ml를 붓고 고체카레 1/4조각(1인분)넣고 양배추가 숨이 죽고 노릇해지면 소금간을 맞춘 뒤 그릇에 잠시 덜어놓는다. 양파 2/1개 채썰고 편마늘 1숟가락 후라이팬에 넣어 볶는다 양파가 투명해지면 채썰어놓은 양배추 1/4통을 넣고 또 볶는다.
1,크림치즈버터쿠키,"175도로 예열된 오븐에 쿠키를 넣고 9~10분간 구워주세요. 계란까지 넣고 다시 열심히 휘핑해 주시고 계란을 넣어 다시 휘핑!! 계란을 따뜻한물에 넣어 좀 따뜻하게 만들고 넣어야 분리가 안돼요. 날가루가 안보이게 버터에 밀가루가 다 스며들정도까지 섞고 나면 반죽 완성입니다. 동글동글 귀여운 쿠키를 만들려고 저는 원형 깍지를 사용했는데 별깍지 사용하셔도 됩니다. 밀가루는 채에 걸러주세요. 버터랑 크림치즈는 냉장고에있는걸 실온으로 꺼내어 마요네즈상태로 풀어지도록 해 주시고, 급해 녹여야 하면 중탕으로 그릇을 따뜻하게 해서 풀어주세요. 버터와 크림치즈를 믹싱기로 돌려 부드럽게 휘핑~~ 사진처럼 설탕이 다 녹을때까지 휘핑해 주시고 색깔이 이쁘게 나면 다 구워진 거예여. 중간에 한번 안쪽과 바깥쪽을 바꿔 돌려넣어 주면 색이 더 고르게 나온답니다."
1,시금치미소된장국,만들어둔 육수에 우리쌀미소된장을 풀어주세요 말린새송이버섯을 살짝 불려서 잘라주시고 대파를 쫑쫑썰어서 준비해주세요 *버섯은 다른것으로 넣어주셔도 생버섯으로 넣어주셔도 되세요 물2.5L를 냄비에 넣고 다시멸치/건다시마를 넣어서 10분간 펄펄 끓여 육수를 만들어주세요 *안에 빨간것은 홍고추를 쓰고 남은것이 말라있기에 풍덩했네요ㅎㅎ 썰어둔 기타재료들을 다넣어주신후 10분을 휘리릭 끓여주시면서 다진마늘을 넣어주시고 간을 보신후 싱거우시면 소금을 추가해주시고 혹시라도 짜다면 물을 추가해서 끓이시면 되세요 씻어놓은 포항초를 넣어주세요 재래된장과 달리 달큰한맛이 가미가 되어있어 아이들도 좋아하는 미소된장에 제철시금치의 달달함이 추가되어 더욱 맛있네요 포항초(노지시금치)를 무른잎을 제거후에 찢어주신후 찬물에서 2~3번을 흔들어
1,에그감자샌드위치,감자 2개를 까서 작게 잘라 잘 익도록 7분 삶아줍니다. 계란 2개를 완숙으로 푹삶아놓습니다. 식빵 2장을 접시에 깔고 한쪽엔 좋아하는 치즈를 넣어주시고요 한쪽엔 에그감자 으깨서 양념한걸 수북히 올려주고요 깨와 후추를 뿌려줍니다. 그런다음 드시면 됩니다. 예쁘게 반을 썰어주시면 더욱 좋겠네요 잘 익은 감자는 브로콜리와 함께 으깨어 줍니다. 잘게썰어놓은 제료를 모두 넣고 아일랜드 드레싱과 머스타드드레싱 1스푼씩 넣고 비벼줍니다. 물론 기호에 따라 설탕이나 소금을 가미해줍니다. 저는 감자삶을때 소금으 넣어서 생략했어요 파프리카와 양파를 올리브유룰 넣고 2분만 볶아 줍니다.
1,메밀배추전,뒤집어준 배추잎에 홍고추 썰어놓은것을 올려주시고 그위에 메밀반죽을 조금씩 떠서 고추위쪽으로 살짝만 뿌려주신후 다시 뒤집어서 뒤집개로 눌러주시면 홍고추고명이 예쁘게 붙는답니다 *약불에서 부쳐주셔야 되세요 메밀반죽에 씻은 배추를 넣고 앞뒤로 고루 묻혀주세요 메밀부침가루를 준비해주시고 메밀의 구수함에 제철배추의 달큰함과 아삭함이 아주잘어울리면서 맛있네요 다이어트하던 아들램도 맛있게 먹었네요ㅎ 묽은스프정도로 후르륵 떨어지는 정도이면 되세요 배추잎(알배추)를 뜯어 씻어 물기를 털어내주세요 크게 5~6큰술을 넣고 계란2개와 소금2꼬집 물1컵(종이컵기준)을 넣고 잘풀어 주세요 팬을 약불에 올려주시고 해바라기유 넣고 메밀반죽을 입힌 배추잎을 거꾸로 올려주셨다가 30초정도 있다가 바로 뒤집어 주세요 홍고추를 동그랗게 얇게 썰어
1,햄버거,"구워낸 빵 아랫부분 쪽에 마요네즈를 발라주세요. 노릇하게 구워진 패티를 양배추 위에 올려주세요. 케찹을 뿌려주세요. 허니머스터즈소스가 있으면 넣어주면 더 맛있어요. 위에 오이를 얇게 썰어서 올려주면 토핑 끝. 돼지고기는 참기름, 허브맛 솔트, 다진마늘을 모두 1큰술씩 넣어 먼저 밑간을 해주었어요. 밑간한 돼지고기에 다져놓은 야채와 물끼를 짜낸 두부, 계란 3개를 넣어 반죽해주세요. 이때 소금을 1/2큰술 더 넣어주세요. 빵을 반으로 갈라서 팬에 노릇하게 구워주세요. 양배추는 채썰어서 마요네즈에 버무려 빵위에 올려주세요. 우선 당근과 양파, 대파를 잘게 다져주세요 이젠 모닝빵 사이즈에 맞게 둥글게 모양을 만들어 주세요. 햄버거 고기를 기름을 두르고 구워주세요. 전 카놀라유를 이용했어요. 고기가 충분히 익을수 있게 너무 센불에서 구워내지 마시"
1,비빔만두,"2~3분간 끓인 후 건져서 다시 감자전분가루에 묻힙니다. 끓는 물에 넣고 떠 오르면 2~3분간 더 끓여서 찬물에 넣어 줍니다. 그러면 탱글탱글한 굴림만두가 됩니다. 그릇에 야채랑 굴림만두를 넣고 섞어 드시면 됩니다. 각종 야채는 채썰어 줍니다. 비벼먹을 초고추장을 만들까 합니다. 고추장 3큰술, 간장 1 1/2큰술, 매실청 3 1/2큰술, 참기름 1큰술, 깨소금 2큰술, 다진마늘 1 1/2큰술, 식초 2큰술을 만들어서 잘 섞어 둡니다. 그릇에 재워둔 닭고기, 두부, 다진파, 애호박을 넣고 여기에 집간장 1/2큰술, 깨소금 1큰술, 참기름 1/2, 후추, 소금을 넣고 한쪽 방향으로 치대어 줍니다. 한쪽방향으로 치대어 주면 고기와 야채가 잘 뭉쳐집니다. 냄비에 물을 끓입니다. 그릇에 감자전분가루를 놓고 그 위에 만두소를 500원짜리 동전만하게 동글동글하게 빚습니다. 물이 끓어 오르면 감자전분"
1,닭순대,"갈아논 복숭아가 닭날개 빼는 동안 갈변을 했네요. 닭뼈를 뺀뒤에 복숭아를 갈아도 되는데 어차피 숙성 하는동안 갈변되니까 순서 뒤바껴도 상관없어요. 요기까지는 적어도 3시간 정도 숙성을 하세요. 겉으로 보이거나 묻어도 괞찮아요. 깨끗하게 예쁘게 담을려고 애쓰지 않으셔도 되요. 익으면 전분가루, 달걀, 치즈의 힘으로 내용물이 흩어지지 않아요. 겉에 자연 스럽게 묻어도 떨어지지 않고 잘 붙어있어서 알록달록 예뻐요. 다진채소, 닭고기 다진거(2), 불린 찹쌀(3), 감자 전분(2), 청주(1), 달걀(1개) 닭날개 순대에는 소스 끼얹고 파마산 치즈가루 뿌려서 드시면 됩니다. 식기전에 드세요. 느끼하지도 않고 담백하면서 풍미스러운 한끼식으로 든든 하답니다. 닭날개는 안에 뼈 2개를 빼세요. 담아낼 접시에 채소나 과일을 어울려 담고. 두꺼운 냄비에 소스재료 넣고 마늘,"
1,소고기동그랑땡,"골고루 잘 비벼~ 비벼~ 다진소고기말고 다진 돼지고기로 만들어도 맛있어요. 기름을 넉넉하게 두르고 숟가락 2개를 이용해서 동글동글 모양 잡아 넣어주면 되요. 중약불에 앞뒤로 노릇노릇 구어주세요. 재료를 잘게 다지고 두부는 물기를 꾹 짜서 큰 볼에 담아두세요. 계란 3~5개를 깨뜨려 넣고 부침가루 반컵, 천일염 반큰술도 넣어주세요."
1,가지튀김,"가지는 깨끗이 씻어 3센티미터 정도의 두께로 어슷하게 썰어주신다음 가운데에 소를 채우기위해 칼집을 한번 더 넣어주세요~ 돼지고기, 표고버섯, 양파, 당근, 삶은당면은 잘게 다져주시고 두부는 물기를 빼서 준비했어요~ 위의 재료들에 다진마늘을 넣어주시고 소금, 후추가루로 간을하여 달걀로 버무려 줍니다~ 준비된 소를 넣고 튀김가루, 달걀물, 빵가루를 순서대로 묻혀 중불에서 튀겨주세요~ 칼집을 넣은 부위에 소가 따로놀지않도록 밀가루를 발라주세요~ 튀겨진 가지튀김을 한김 식히신후 한번더 튀겨내시면 훨씬더 바삭한 가지튀김을 맛보실수가있답니다^^ 한국인들의 채소편식이 심하다는 말이있지요~ 색색의 채소들을 고루 먹지않고 초록색 채소에 편중되어있기때문에 나온 얘기인데요~ 수분이 많아 부드러운 식감이 특징인 가지는 보통 구이, 볶음, 무침으로"
1,표고버섯전,"계란물을 입혀야 하므로 밀가루를 다시 묻혀줍니다. 계란물을 입혀서 달군 팬에 포도씨유를 두르고 노릇하게 익혀줍니다. 전은 항상 불조절을 알맞게 해야 하고 은근히 익혀주는 것이 요령입니다. 그리고 기름을 넉넉히 사용하는 것이 좋습니다. 고기 반죽이 잘 붙도록 버섯 안쪽에 밀가루를 묻히고 한번 잘 털어줍니다. 고기반죽을 너무 봉긋하게 하면 가장자리는 익지 않고 가운데만 익으므로 평평하게 고기 반죽을 펴 주는 것이 좋습니다. 달걀은 두 개를 넣었습니다. 요렇게 모두 섞어 반죽하는데 많이 치대주는 것이 끈기가 생겨서 좋습니다. 당근도 곱게 다집니다. 양파도 곱게 다집니다. 볶아서 넣으셔도 되구요. 저는 그냥 넣었습니다. 고추는 씨를 제거하고 곱게 다져 줍니다. 두부는 생략하셔도 되지만, 저는 두부도 약간 넣어주었답니다 물기를 제거합니다. 무거"
1,짜장밥,"끓고있는 짜장에 물녹말을 조금씩 부어 짜장의 농도를 맞춰주세요~ 다져놓은 채소들을 모두 넣어 달달 볶아줍니다~ 당근, 애호박, 양파, 감자, 양배추는 잘게 다져서 준비해주었어요~ 물녹말을 준비해주시고요~ 볶아놓은 춘장을 넣어 간을 맞춥니다~ 춘장이 매우 짠편이라 조금씩 넣어가며 간을 맞춰주시는 것이 좋아요^^ 재료가 찰랑하게 잠길정도의 물을 붓고 끓여주세요~ 팬에 식용유를 넉넉히 두르시고 대파, 마늘, 생강을 볶아 향신기름을 만들어줍니다~ 팬에 식용유를 두르시고 갈은 돼지고기를 넣어 볶으시고요~ 향신 기름에 춘장을 넣고 설탕을 넣어 튀기듯 볶아주세요~"
1,고추튀김,고추는 깨끗이 씻어 배를 갈라 씨를 빼주세요~ 매운맛을 즐기시는 분들은 청양고추로 하셔도 좋고요~ 매운맛이 덜한 오이고추도 많이 사용하지만 오이고추를 구입하실때에는 크기가 너무 크지 않은것으로 골라주시는 것이 고추튀김 만들기에 적합하답니다ㅎㅎㅎ 두부는 물기를 짜서 준비하셔야 하는데요~ 시장의 두부집에서는 만두용 짠두부를 판매하는 곳도 있으니 구입하셔서 그대로 사용하셔도 좋고요~ 일반 두부의 수분을 빼주실때에는 전자렌지에 2~3분 정도 돌려주시면 훨씬 쉽게 수분을 제거하실수가 있어요ㅎ 배를 가른 고추의 안쪽면에 밀가루를 묻혀 소가 떨어지지 않도록 해주시고요~ 소를 빈틈없이 꽉꽉 채워주신 다음 밀가루를 전체적으로 입혀줍니다~ 차가운 얼음물로 반죽한 튀김가루에 고추를 담가 160도 정도의 살짝 낮은 온도에서 노릇하게 튀겨줍니다
1,오꼬노미야끼,만들어놨던 반죽에 버물버물해주세요. 만들어놨던 소스 부어주시고 마요네즈 얇게 뿌려줍니다.가다랑어포를 흩날려주세요. 끝 먹음직스럽게 부쳐줍니다. 소스를 끓여서 준비합니다. 시판 돈가스 소스로 대체하셔도 괜찮아요.혹시!소스만드실분은 위에 올려놨어요~~ 야채와 오징어 새우 베이컨.표고는 말려놨던걸 불려서 넣어줬어요.
1,표고버섯전,다진 돼지고기에 두부와 당근 파를 같이 섞어주세요. 달걀푼거를 무쳐서 달궈진 후라이팬에 앞뒤로 노릇하게 익히면 완성이에요~ 당근과 양파와 파는 다져주세요. 면보에 넣고 물기를 짜주세요. 여기에 소금후추로 간을 해주세요. 다진마늘도 1ts을섞어주세요. 마지막으로 참기름을 섞어주세요. 이제 한데 버무려서 잘 치대세요. 이 표고버섯에 소금약간과 참기름을 섞어서 안쪽에 밑간을 해주세요. 이때 소금은 정말 살짝 참기름을 두배로 섞어서 하심되요. 두부는 칼등으로 다져서 물기를 빼주세요. 이제 고기소를 넣고 편평하게 살짝 덜 넣어주세요.(전 조금 많이 넣은게 있긴해요.) 이제 고기소를 덮고 그 위에 밀가루를 무치고 전 속을 넉넉히 해서 완자동그랑땡도 했네요 ㅎㅎ 맛있게 해서 드세요! 전 표고버섯에 모양으로 칼집을 살짝 냈어요. 표고버섯안에 밀가루를
1,고추튀김,"1. 180도 정도의 온도에서 노릇하게 튀겨줍니다. 2. 바삭한 튀김을 위해 5분정도 꺼냈다가 다시 한번 튀겨줍니다. 3. 맛있게 먹습니다 :) 180C 또는 350F 1. Step2에서 준비한 고추 속재료를 고추 안에 꽉 채워주세요. 2. Step1에서 사용하고 남은 튀김가루를 이용하여 다시한번 고추 전체에 튀김가루를 발라 주세요. 고추속을 채울때는 빈공간이 없도록 꼼꼼이 채워주세요! 1. 고추 한쪽 배를 갈라서 고추씨를 깨끗하게 제거해 주세요. 2. 튀김가루 1/2컵을 접시에 덜어서 고추안과 겉에 골고루 발라 주세요. 남은 튀김가루는 버리지 말고 Step3에서 사용합니다. 1. 다진고기에 소금과 후추로 간을 해주세요. 2. 손으로 다진고기를 주물러 주세요. 3. 두부를 칼로 으깬후 키친타올을 이용해 물을 짜주세요. 4. 애호박, 당근, 양파, 파를 잘게 다져주세요. 5. 으깬 두부와 다진고기, 채소를 빈 볼에"
1,만두전골,"감자는 썰어 깔끔한 국물을 위해 찬물에 5분정도 담궈 전분기를 빼 주었습니다. 국물 멸치에 소주를 넣어 함께 볶다가 다시마와 쌀뜨물을 넣어 육수를 냅니다. 그리고 나머지 재료와 만두를 넣어 국간장. 소금과 함께 끓여줍니다. 두부. 양파. 미나리도 준비해 두면 재료 손질은 거의 다 끝났네요. 마지막에 미나리를 얹어 더 끓여주면 시원한 국물의 만두전골이 완성됩니다. 만두전골에 들어갈 소고기는 적은 양이지만 한우로 먹고싶어 미리 30분정도 삶아 식혀 적당한 크기로 잘라놓았어요. 만두전골의 시원한 국물을 위해 버섯, 부추, 애호박, 청양고추, 양배추, 파, 마늘 등을 적당히 썰어 준비해 둡니다. 무를 냄비 바닥에 깔고 위에 콩나물을 얹어 감자와 함께 육수를 부어 먼저 끓여 줍니다."
1,동그랑땡,"간도 잘 맞고 맞나고요. 고기에 다진마늘 넣고요. 다진 파 ,후추 듬뿍 넣어서 10분미리 조물조물 무침해놓고요 골고루 꼭꼭 많이 많이 치대어줍니다. 꽃소금1작은술, 감자전분1큰술, 계란 넣고 반죽을 해줍니다. 당근 다집니다. 감자깍는칼로 밀어놓고. 덧가루는 감자전분과 밀가루 1큰술씩 덧가루는 한쪽부분만 뭍혀주고요 (밀가루 많이 뭍은거 싫어해요) 계란물에 퐁당 담갔다가 지져주면됩니다. (계란물- 계란1개에 소금1꼬집) 동그랗게 만들어주고요 돼지고기는 물에 한번 샤워시켜주고 핏물빼줍니다. 냉장고에서 1시간정도 미리 꺼내놓아 차가운느낌을 완전히 없애주어야 전 지질때 골고루 익어요 면보에 짤때는 면보를 물에 적셔 짠후 재료들을 넣어서 꼭 짜줍니다. 재료들이 면보에 달라붙지 않아요. 두부는 칼날로 으깨어서 보드랍게 해줍니다. 명절전의 하이라이트"
1,모듬전,계란물을 입히고 노릇노릇 전을 부칩니다 고기에 양념을 합니다 꼬치를 만듭니다 느타리버섯을 데쳐서 손질해 놓습니다 밀가루 튀김가루를 섞어 놓습니다 순서대로 가루에 재료들을 묻힙니다 양파 당근 파를 다집니다
1,깻잎지,"1. 깻잎지 깻잎은 식초 물에 담가 두었다 씻어 물기를 빼두고, 양파, 당근은 채썰어 준비한다. 2. 대패삼겹살 숙주볶음 대패삼겹살은 끓는 물에 살짝 데쳐 기름기를 빼둔다. 3. 어묵볶음 어묵, 양파, 꽈리고추는 먹기 좋은 크기로 썬 후 팬에 어묵, 맛간장을 넣고 먼저 볶아준다. 4. 닭살채소볶음 양배추, 감자, 청양초, 닭고기는 한입 크기로 썬다. 5. 돼지고기 메추리알 장조림 돼지고기는 끓는 물에 한 번 데쳐내어 한 입 크기로 썰고 청양초도 한 입 크기로 썬다. 6. 쇠미역채소말이 쇠미역은 염분을 제거한 후 끓는 물에 데쳐낸 후 물기를 제거한 후 먹기 좋은 크기로 잘라둔다. 쇠미역, 크래미, 채 썰어둔 파프리카를 올려 돌돌 말아 완성한다. 7. 계란말이 흰자, 계란은 소금을 넣고 풀어 준비한다. 8. 청국장찌개 멸치와 다시마로 육수를 준비한다 두부와 준비한 채소는 모두 먹"
1,쌈배추딸기물김치,"1. 쌈배추 딸기 물김치 쌈 배추, 무는 굵은소금으로 간을 한 후 씻어 물기를 빼둔다. 2. 표고버섯 전복조림 전복은 솔로 씻어 이빨을 빼준 후 먹기 좋은 크기로 잘라둔다. 3. 취나물 취나물은 손질하여 데쳐낸 후 먹기 좋은 크기로 썰어준다. 양념을 넣고 조물조물 무쳐주면 완성된다. 4. 돼지불고기 양배추, 양파, 당근, 홍초, 대파는 먹기 좋은 크기로 잘라준다. 5. 호박전, 소시지전 호박과 소시지는 먹기 좋은 크기로 잘라둔다. 6. 초벌 부추 새우전 부추, 당근, 홍초는 먹기 좋은 크기로 썰어둔다. 표고버섯가루, 육수, 소금을 넣고 반죽해 둔다. 7. 골뱅이 죽순 초무침 골뱅이는 물기를 빼고 먹기 좋은 크기로 썰어둔다. 각종 채소도 썰어두고 양념장도 만들어 둔다. 돼지고기를 먼저 볶아준 후 물과 양념장을 넣고 볶아준다. 마른 표고버섯은 불려 고추와 함께 먹기 좋은 크기로"
1,약고추장현미가래떡떡볶이,"1. 약고추장 현미 가래떡 떡볶이 어묵, 대파, 양파는 먹기 좋은 크기로 썰어둔다. 2. 돼지고기볶음 양파와 고추는 먹기 좋은 크기로 썰어두고 돼지고기는 소금 후추로 밑간을 해 볶아준다. 3. 닭고기 간장조림 각종 채소는 먹기 좋은 크기로 썰어주고 양념장도 만들어 둔다. 끓는 물에 밤을 먼저 데쳐내고 닭고기도 데쳐낸 후 흐르는 물에 씻어 물기를 빼둔다. 냄비에 닭고기를 담고 후추, 소금으로 밑간을 한 후 볶아준다. 무와 대파, 고추는 먹기 좋게 썰어주고 쇠고기와 무, 참기름을 넣고 볶아준ㅇ다. 끓는 육수를 붓고 액젓으로 간을 한 후 마지막에 대파를 넣고 완성한다. 밤, 양념장을 넣고 졸여준다. 반쯤 졸아들면 썰어둔 채소를 넣고 한 번 더 졸여준다. 마지막에 참기름, 깨소금을 뿌려 완성한다. 약고추장에 물1/2컵을 붓고, 가래떡, 어묵을 넣어준다. 떡이 익으면 썰어"
1,고추튀김,"1 + 2에 다진 돼지고기, 빵가루, 계란, 소금, 후추, 마늘, 맛술을 넣어 주세요. 7번을 반죽물에 담갔다가 예열된 튀김 기름에 넣고 앞뒤로 노릇하게 튀겨주세요. 두부는 수분을 꼭 짜고 으깨어 주세요. 모든 재료가 잘 엉기게 치대어 줍니다. 분량의 물, 튀김가루, 전분가루를 넣고 섞어 튀김 반죽물을 만들어 주세요. 속을 채운 아삭이 고추에 밀가루를 묻혀 주세요. 아삭이 고추는 칼집을 넣어 씨를 제거 후 깨끗하게 씻어서 물기를 빼 주세요. 아삭이 고추에 속을 채워 주세요. 채반에 키친타올을 깔고 아삭이 고추 튀김을 담아 기름을 빼주세요. 홍고추, 당근, 양파, 부추, 삶은 당면을 잘게 다져 주세요."
1,두유크림소스조림,"고소한 크림소스에 졸여진 양배추 고기 말이... 다진 소고기에 다진 표고버섯을 넣고 간장, 다진 파, 다진 마늘, 설탕, 맛술, 후춧가루, 참기름을 넣어 밑간을 한 다음 달걀과 전분 1 큰 술을 넣고 고루 섞어 고기 반죽을 만들어 주세요. 혹 간을 보아 모자라면 소금을 약간 더 넣어 주시고요. 달군 팬에 버터를 한 큰 술 넣어 녹이고 두부는 칼을 눕혀 자근자근 으깬 다음 면포 등에 넣어 물기를 꼭 짜주세요. 밀가루가 충분히 볶아져 고소한 냄새가 올라오면 검은콩 콩국물 두유를 부어 멍울이 생기지 않도록 계속 저어가며 끓여주세요. 버터가 녹으면 밀가루를 한 큰 술 넣어 중약 불로 타지 않게 서서히 볶아주세요. 선물 포장을 하듯이 양옆을 중심 쪽으로 접어 돌돌 말아 마무리합니다. 소스가 끓어 농도가 나오기 시작하면 치즈를 넉넉히 갈아 넣고 양념한 고기는 볼의 한쪽"
1,비빔밥,"< 된장국 만들기 > 비빔밥 먹을 때는 된장국을 꼭 만들어요 감자를 네모로 자르고 황태채를 물에 살짝 적셔서 2~3cm 길이로 잘라 물을 넣고 끓여주세요 < 비빔밥 만들기 > 애호박과 당근을 썰어서 소금 톡톡 뿌리고 식용유를 두르고 센불에 볶아서 접시에 담고 양파, 팽이버섯, 깻잎순, 풋고추, 쪽파를 넣고 소금 톡톡, 식용유 두르고 볶아주세요 접시에 담고 소고기 구이는 미향 1T, 소금, 후춧가루 뿌리고 센불에 볶아주세요 < 양념장만 넣고 비벼도 맛있는 비빔밥 만들기 > 먼저 양념을 모두 넣고 양념장을 만들어 주세요 들어갈 야채를 준비합니다 애호박은 반달로 썰고 깻잎순은 이물질이 나오지 않도록 서너번 씻어서 물에 담가 두어 불순물을 제거하고 팽이버섯은 밑둥을 자르고 듬성듬성 찢어 놓고 두부는 네모로 썰어 주세요 물이 끓으면 된장 2T, 고추장 1/2T 넣고 풀어준"
1,(아기반찬) 동그랑땡,"** 중요해요, 물을 50ml 정도만 부어주세요 넓은 판이나 쟁반에 통밀가루를 깔고 노릇노릇 육즙을 가즉 머금은 동그랑땡이 완성됩니다.! *남은 동그랑땡은 냉동보관했다가 다시 구워주세요 ***냉동 보관법은 전부 다 달걀옷 입혀서 구운 다음에 충분히 식혀서 냉동보관해주세요.! 다시 먹일땐 예열 된 후라이팬에 굽기만 하면 됩니다. (반대로 밀가루 안 묻히고 반죽 그대로 냉동하면.. 다시 구울 때 육즙이 빠지고 물이 생겨서 맛도 모양도 지지..) 동그랑땡 반죽이 완성되었어요! 동그랑땡은 먹기좋은 크기로 굴려서 두부를 전자렌지에 2분간 돌려 수분을 빼요 두부를 힘들게 짜내지 않아도 수분이 충분히 제거 됩니다. 뚜껑을 닫고 잠시 찌듯이 익혀요. 고기와 야채의 속까지 완전히 익히기 위한 단계입니다. 뚜껑을 열면 기름과 물이 지저분하게 엉겨있는데 동그랑땡을 한쪽"
1,집밥도시락)6가지반찬!! 삼치구이도시락^^,계란물을 만들어놓고~ 계란물을 묻혀서 구워주시면완성입니다^^ 기호에따라 대파나 마늘등을 넣고 졸여줍니다 깨끗히 씻은 삼치를 키친타월로 물기제거해주세요 느타리버섯은 깨끗히 씻어서 한번데쳐서 살짝 물기를 짜주세요 달궈진 팬에 기름을 두르고 꽈리고추를 먼저 볶아주세요 달궈진 후라이팬에 기름을 두르고 파와 다진마늘을 넣고 볶아주세요 마요네즈 연겨자 설탕 소금 후추를 넣고 버무려주세요 (식초는 마지막에 넣어주세요) 버섯과 당근을 같이 넣고 볶아주세요 봉투에 밀가루1스푼과 소금 후추를 넣어주세요 비엔나소세지는 한번데쳐서 사용해주세요( 기름기도 빠지고 후라이팬에서 빠르게 익히실수 있습니다) 삼치 앞뒤로 잘발라주세요 삼치구이와 반찬들~ 도시락완성입니다^^ 센불에서 짧고 빠르게 볶아주시면 완성입니다 식용유와 카레가루 믹스허브(
1,추운 겨울 생각나는 따끈한 국물요리/얼큰 소불고기전골 소고기전골,"고기는 키친타올로 핏기를 대충 닦아 내고 먹기 좋게 썰어 준 다음 적힌 분량의 불고기 양념을 넣어 주세요~ 배즙이나 키위즙 넣어도 좋답니다 고추장, 다진 마늘, 고춧가루를 넣어 끓여 주세요~ 냄비에 가장자리는 채소와 두부 돌려 가며 담고 고기는 가운데 담아 주세요~ 냄비에 물을 붓고 육수재료 몽땅 넣고 팔팔 끓인 후 5분 후 다시마는 건져 내고 간장, 소금, 맛술, 매실청을 넣고 15분 정도 더 끓여 주면 밑육수가 만들어져요~ 육수 재료는 집에 있는 재료 넣어 끓여 만드시면 되요~ 두부는 먹기 좋게 썰어 두세요~ 마지막에 대파와 깻잎 넣어 주세요~ 만들어 둔 육수를 자박하게 부어 주세요~ 나중에 먹으면서 모자라면 보충해 가며 먹으면 되요~ 모자란 간은 소금으로 해 주세요~ 양념이 고기에 잘 배이도록 조물조물해 준비하면 되요~ 양파, 당근, 호박, 양배추, 깻잎, 대"
1,전부치는것 힘드시다고요~쉽고 빠르고 간편하게 전부치는법,계란을 3개 깨서 소금을 아주 약간 넣고 비린내 잡아주는 맛술을 1 큰 술 넣어서 풀어 놓았어요~!~ 김밥 말듯이 이렇게 말아 놓았어요 김발로 말면 예쁘게 잘 말린답니다~!~ 이렇게 말아준 동그랑땡을 냉동실에 넣어놓고 약간 얼리는 동안 잡채도 하고 삼색나물도 준비했어요~!~ 깻잎에 부침가루를 살짝만 묻힌 다음 계란 물 쒸워 부쳐줍니다~!~ 우리 집 텃밭 깻잎은 완전 보라색으로 향이 더욱 좋은 깻잎이 열려서 요것은 샐러드나 생으로 먹었지만 오늘은 보라색이 짙은 깻잎도 전을 부쳤지요~!~ 노릇노릇 부쳤더니 동태전보다 훨씬 맛있더라고요~!~ 동그랑땡 만드는 방법 넘 쉬워요~!~ 김발 위에 랩을 깔아주고 재료를 올려줍니다~!~~ 모든 재료를 잘 치대어 준비했어요~!~~ 요 반죽으로 동그랑땡하고 깻잎 전은 만들었어요~!~ 썰어놓은 동그랑땡을 비닐봉지에 담고 부침가루 넣
1,돼지고기 가지볶음,"가지는 깨끗이 씻어서 도톰하게 모양을 살려 썰어 줍니다. 후라이팬에 가지를 가지런히 올리고 앞뒤로 노릇하게 구워줍니다. 갈은 돼지고기를 준비합니다. 볼에 담고 청주를 부어서 잠시 둡니다. 여기에 다져서 준비한 재료들을 모두 넣고 고루 주무르며 섞어 줍니다. 볼에 양념재료를 넣어서 소스를 만들어 줍니다. 여기에 달걀, 밀가루를 넣고 다진 팽이버섯을 넣은후 참기름, 참깨를 넣고 다시 고루 주물러줍니다. 밀폐용기에 담아서 냉장고에 하루정도 숙성하면 더욱 좋아요. 후라이팬에 양념한 돼지고기를 넣고 볶아 줍니다. 거의 다 볶아지면 양념소스를 부어서 같이 끓여 줍니다. 구워둔 가지를 넣고 잘 섞어가며 양념소스가 없어질때까지 볶아 줍니다."
1,향긋한 인삼 스테이크,"그 사이 같이 곁들일 인삼&잣 소스를 만들어 줍니다. 분량의 재료를 준비해주세요. 냉장고에 10-20분 넣어주세요. 냉장고에 넣어둔 인삼스테이크 반죽을 꺼내 동그란 모양으로 만들어주세요. 두부는 면보에 짜서 물기를 제거해주세요. 볼에 분량의 소고기다짐육, 볶은채소, 두부, 다진마늘, 계란 1/2개, 소금&후추 밑간, 부침가루, 미림을 넣고 잘 치대 주세요. 분량의 애호박, 당근, 양파를 작게 다져주세요. 분량의 재료를 준비해 줍니다. 인삼을 깨끗이 씻어 뇌두를 잘라 준비해 줍니다. 인삼을 찜기에 20분간 푹 쪄줍니다. 잘 익은 인삼을 포크로 으깨거나 칼로 작게 다져주세요. 잔뿌리는 소스를 위해 따로 다져서 준비해 둡니다. 전분물(물:전분=1:1)을 넣어서 소스 농도를 맞춰주세요. 접시에 새싹채소와 곁들여 내면 향긋한 인삼스테이크 완성! 팬에 (잣, 인삼을제외) 분량의"
1,영양 가득 비빔밥 만들기,"느끼한거 말고 속 편하고 든든한 인기 메뉴 비빔밥 입니다 달걀을 넣고 고추장과 참기름을 넣고 비벼서 먹어요 된장국과 같이 먹어요 밥, 야채, 고기, 어린잎 채소, 모듬 채소를 넣고 소불고기에 설탕 1T, 미향 1T, 간장 1T 넣고 볶아주세요 고기가 익으면 다진마늘 조금 넣고 고기를 먹기 좋게 잘라주세요 식용유를 두르고 예열한 후 센불에 후라이를 합니다 가장자리가 바삭하게 익으면 불을 끕니다 오이는 반 잘라서 얇게 어슷 썰어 주세요 집에 있는 야채를 준비합니다 당근, 애호박, 양파, 새송이버섯을 썰어 주세요 팬에 식용유를 두르고 센불에 야채를 볶아주세요 불을 중불로 줄이고 야채가 익으면 흑마늘 소금 조금 뿌려서 간을 해주세요"
1,깻잎전과 고추전,갈은 소고기랑 우둔살이 있어서 다져서 함께 사용 했지요. 고기와 다진 채소들을 몽땅 넣고 조물 조물~~~ 요기에다 통깨도 넉넉하게 넣어줌 더 고소하겠지요. 고기전이니만큼 약한 불로 놓고 찬찬히 익혀 주세요. 고추는 반으로 가르고 티스픈을 이용해서 씨를 몽땅 빼내 줬지요. 고추에 고기를 채워주고 밀가루에 한번 더 뒹굴~ 달걀옷이 잘 붙게하기 위함이지요 깻잎 반쪽에 고기반죽을 넣고 반으로 탁! 접어서 밀가루에 앞뒤로 한번 더 굴려주세요 달걀에 소금 한꼬집을 넣고 잘 풀어주고 두부는 마구 마구 으깨주시고 고기엔 소금 한꼬집 후추 두꼬집을 넣고 조물 조물~ 당근.대파.양파.부추는 다져주세요 두부는 반모를 사용해주세요 잘 달궈진 팬에 올리브오일을 넉넉하게 두르고 가장 약한불에서 고기가 보이는쪽부터 익혀 주세요. 풀어 놓은 달걀에 퐁당~ 해준다음 바
1,아이들반찬/카레만들기 - 더 건강한 카레,"감자2개썬다 고구마도 1개썰어둔다 고구마도 카레가 완성되었을때 으깨어지고 형체가 거의 없어집니다 끓었을때 물은 이정도가 적당한다 물을 더 넣으면 나중에 너무 묽게 됩니다. 단호박을 깍둑썰기를 한다 단호박은 카레가 완성되었을때 으깨어지고 눈에는 보이지 않는다고 생각하면 된다 색감이 좋아지고 맛도 더욱 좋아진다 당근1개썬다 돼지고기 300g준비한다.. 고기는 후라이팬에 기름을 두르고 마늘을 한스푼넣고 기름에 볶는다 물에 게어놓은 카레가루를 넣는다 절대 물을 많이 넣으면 안된다 끓으면 끓을수로 묽어지기때문에 애초에 물을 부족할 정도로만넣는다 카레가루 모양이 좀 거시기하네요...ㅋ 볶은고기에 준비한 야채를 넣고 볶는다.. 이때 기름은 식용유,올리브유,마가린,또는 버터를 사용한다. (집에 있는것으로 한다) 야채는 잘 안읶는순서로 먼저 볶"
2,삼색전 만드는 법(동태전 동그랑땡 산적꼬지),고기가 양념이 되었기때문에 일반 불보다 더 살짝 줄여서 하시고 중간중간 키친타월로 닦아내세요. 그래야 안타요! 고기는 야채보다 살짝 길게 하시면 수축되면서 맞춰져요. 이제 꼬지에 한개씩 번갈아 찍고 당근과 양파 대파는 거칠게 다져주세요.(너무 곱게 다지면 식감이 없어요.) 이제 볼에 담고 골고루 섞어주세요. 동그랑땡 다진돼지고기는 키친타월에서 핏물을 빼주세요. 핏물빠진 고기는 볼에 담아두세요. 동태는 물기가 많아요. 키친타월에 물기를 좀 빼주세요. 앞뒤로 얼추 물기가 빠지면 소금후추를 약간씩 뿌려서 간을 해주세요. 두부는 으깨서 물기를 짜주세요. 만약 생선 비린내가 싫으시다면 팁하나!(미림을 소량 뿌려주시면 생선냄새가 안나고 꼭 대구전같아요.) 이제 밀가루를 입혀서 살짝 털고 달걀푼물에 적셔서 기름을 소량 두른후라이팬이 가열이 되면
2,소고기 동그랑땡 만드는법 어렵지 않아요!,"[고기 핏물제거] 구매한 소고기를 핏물 제거 없이 사용하시면 나중에 고기 냄새가 날 수 있어요. 키친타월로 꾹꾹 눌러서 핏물을 최대한 제거해주세요. "" 나중에 맛술로 완벽히 제거해줄 거예요 "" 소고기200g [노릇하게 부치기] 예열해 놓은 프라이팬에 식용유를 둘러주시고 계란 옷을 입힌 고기 반죽을 올려주세요. 동글한 반죽을 수저로 살짝 눌러주시고요 모양을 예쁘게 잡아주시면서 약불에서 앞, 뒤로 노릇하게 부쳐주시면 됩니다. "" 제 기준으로 앞. 뒤 각각 4분씩 "" 약불 [데친 두부 으깨기] 면보에 담아서 주물럭 해주시면 두부가 으깨지면서 수분이 잘 빠진답니다. 면보가 없으시면 채반을 이용하셔서수분 제거 후 으깨주셔도 좋아요! 두부 반모 면보가 없으시면 채반을 이용하셔서수분 제거 후 으깨주셔도 좋아요! [두부 데치기] 식감을 부드럽게 해줄 두부 반모는 끓는"
2,수제비 짬뽕..,같이 볶아주다가 물을 부어줍니다. 자박하게 넣어주면 됩니다. 센불.. 계속 치대주다가 다 된거 같음 봉지에 넣고 냉장고에서 잠시 숙성시켜줍니다. 30분 정도면 됩니다. 그 위에 볶아둔 새우와 갑오징어 넣어주고요. 센불.. 그런다음 소금 조금 뿌려주고 생강술 1큰술 넣어 잡내도 잡아줍니다. 다 익으면 잠시 옆에 놔둡니다. 그릇에 삶아둔 수제비 반죽 넣어주고요. 그 위에 짬뽕 국물 부어주면 수제비 짬뽕 완성입니다. 다 삶아진 수제비 반죽은 물 위로 동동 뜨니 건져내 찬물에 헹궈내줍니다. 그런다음 체반에 받쳐 물기 제거해주고요. 수제비로만 부족하면 수제비 반죽을 밀대로 밀어 칼국수면을 만들어 같이 삶아주면 됩니다. 저도 그렇게 했어요~ 대파 2대도 큼지막하게 썰어줍니다. 돼지고기 등심도 넣어줍니다. 없으면 패스해도 됩니다. 들어갈 야채들도 손질하는데요
2,감자 동그랑땡 만드는법 맛있는 제철 감자요리,"그 외 준비한 양파,당근,감자는 모두 잘게잘게 썰어주세요. 특히 감자는 꼼꼼하게잘게 썰어줘야 속이 잘 익어요. 기름은 조금 넉넉히 둘러준 팬에 만들어둔 동그랑땡을 얹어주세요. 중불 동그랑땡은 기름을 넉넉히 부어줘야 윤기도 나고 맛이 좋아요. 냉장고에 있는 어떤 채소들을 사용해도 좋아요. 돼지고기는 꼬옥 들어가야하구요, 저는 여기에 색감을 위한 쪽파를 송송 썰어주었는데 대파나 부추를 이용하면 더 좋아요. 돼지고기 동그랑땡은 재료손질만 끝나면 금방 뚝딱 만들 수 있는데요, 사실 재료 다지는게 보통 일은 아니죠~ 다지기를 이용하면 조금 더 편하지 않을까 싶지만 저는 칼로 열~심히 썰어주었답니다. 아, 물론 돼지고기는 마트의 다짐육을 이용했어요. 돼지고기 다지려면 너무 힘들잖아요. 다짐육은 종이컵 한컵정도를 준비했고 키친타월로 수분기와 핏"
2,명절  제사에 빠질 수 없는 동그랑땡만들기,"가위를 이용해 흘러내린 달걀물을 잘라주시면 훨씬 더 깔끔하고 예쁜 동그랑땡이 된답니다^^ 동그랑땡 반죽 소량을 프라이팬에 익혀 간을 보시는 것이 가장 정확한 방법!!! 동그랑땡 반죽, 식용유 중불 간이 부족한 경우 소금을 추가하시고 간이 너무 센 경우에는 두부나 부재료들을 추가해 줍니다. 모든 재료가 골고루 섞였다면 이제 간을 봐야 겠지요? 완성된 반죽을 김밥처럼 길게 말아 냉동해서 칼로 썰어 사용하시는 경우도 많은데요. 해동되면서 물기도 많이 생기고 깔끔한 동그랑땡 만들기에는 무리가 있어 비추하는 편이예요ㅠㅠ 물기를 짠 두부를 넣어주시고 다진마늘, 소금, 청주 또는 맛술, 생강즙 또는 생강가루, 후추가루, 달걀을 넣어 고루 섞어 줍니다. 두부 1/3모, 다진마늘 1큰술, 청주 또는 맛술 2큰술, 생강즙 또는 생강가루 1/2작은술, 후추가루, 달걀 1개 달"
2,불고기낙지전골 : 일명 불낙전골~,"깨끗히 씻어서 낙지를 잘라주세요. 낙지 2마리는 밀가루3큰술 넣고 바락바락 주물러 낙지다리 빨판까지 깨끗하게 씻어줍니다 낙지는 양념해둡니다. 간단하게. 국간장1큰술, 고춧가루2큰술, 다진마늘1작은술 당면위에 재워둔 소불고기와 낙지를 올려줍니다. 모든재료를 준비. 청경채, 느타리버섯,표고버섯,애호박,당근,양파,두부 알배추를 넣으려다가 너무 비싸니...청경채로~ 사진에 두부가 빠졌네요~ 보골보골보골~ 끓여줍니다. 모자라는 간은 멸치액젓이나 국간장으로~ 불고기 양념장을 만들어둡니다. 간장6큰술, 맛술2큰술, 배즙2큰술, 설탕2큰술, 다진마늘2큰술 참기름을 많이 넣음 고기가 좀 쓴맛이 나요. 소불고기는 재워두면 이렇게 국물을 쪽~~다 흡수해요. 이중에 300그람만 사용했어요. 얌전히 육수 4컵 부어주고~ 조금 부족하다 싶게 육수를 부어주세요. 그럼 야채에"
2,모양 예쁜 파프리카전,"갈은 돼지고기를 준비해서 청주 1큰술을 넣고 고루 섞어 준 다음 키친 타올을 덮어서 핏물을 빼줍니다. 계란물을 앞뒤로 묻혀줍니다. 다진마늘 반큰술, 생강가루 1/4작은술, 소금 1/3큰술, 황설탕 반작은술( 조미료 역할.),부침가루 3큰술, 계란 1개, 후추가루 약간을 넣어서 고루 섞어줍니다. 두부는 칼등으로 으깬 다음 양파주머니에서 물기를 한번 더 제거해줍니다. 남은 파프리카도 다져주고 당근, 양파도 다져줍니다. 밀가루를 앞뒤로 묻혀줍니다. 밀가루를 입힌 뒤에 한번 털어주는 게 좋구요. 밀가루를 파프리카 안쪽에 묻혀주면 속재료와 파프리카가 서로 잘 붙게 되는 역할을 하고요. 큰 볼에 고기와 야채, 두부 등 모든 재료를 넣어줍니다. 파프리카는 깨끗이 세척한 후에 꼭지를 잘라준 후에 도톰한 두께로 잘라줍니다. 씨와 하얀 심을 제거해줍니다. 팬을 달군 뒤에 포"
2,명절 추석 요리 모둠전 레시피 (동그랑땡/깻잎전/고추전/표고버섯전/연근전),"고기 반죽과 양념 재료들을 넣고 여러 번 치대가면서 잘 섞어주세요. 최대한 많이 치댈수록. 반죽이 찰지겠죠! 거기다 맛도 좋고 잘 떨어지지 않는답니다. 깻잎은 줄기 쪽을 잘라내 버려주고, 고추는 안에 태좌와 씨를 살짝 떼어내 버려주시면 OK!! 껍질을 벗긴 연근은 0.7cm 길이로 썰어주세요. (이때 소금물에 담가놓으면 갈변을 막을 수 있답니다.) 동그랑땡은 고기 반죽을 동그랗게 만들어주고, 나머지 표고버섯. 깻잎. 연근. 고추는 안에 채워 넣어주면 된답니다. 깻잎은 원하는 모양으로 해주세요. (세모 모양 접는 방법은 동영상을 참조!) 이때 표고버섯과 고추는 안쪽에 부침가루를 살짝 입혀주면 나중에 잘 떼어지지 않는답니다. 식용유 400ml에 채 썬 생강(4개)&흰 대파(15cm)를 넣고 12시간 정도 담가주세요~ 요걸로 전을 부치면 특유의 느끼함을 잡아준답니다. 양면에 부침"
2,돼지고기 커리토마토 스튜 !,"간을 보고, 부족함은 소금으로 해주세요. 간까지 적당하게 맞춰졌으면 요리 마무리합니다 ^^ 감자가 반 쯤 투명해지면, 양배추 / 버섯/ 양파를 넣고 마저 볶습니다. 고기가 익으면 익는데 시간이 좀 걸리는 감자, 당근부터 넣고 볶습니다. 냄비에 버터 1T을 넣고 중불에서 녹입니다. (버터는 잘 타니까 온도조절에 주의해주세요 ^^) 물 2컵 (종이컵 기준) 정도를 넣고 조리듯 끓여주세요. 버터가 녹으면 고기부터 볶습니다. 강황가루, 마늘, 후추 조금씩 넣고 향을 내며 볶아주세요. 볶은 채소들에 토마토 페이스트(혹은 토마토 소스)와 카레/ 강황가루 1T / 고추가루 1t 넣고 잘 섞어주세요. 재료들은 큐브로 썰어 준비합니다. 재료를 준비해주세요. (당근/ 애호박/ 버섯/ 양배추는 생략 혹은 다른 채소들로 대체 가능합니다) 토마토/ 파프리카/ 애호박을 넣고 마저 볶아주세요."
2,명절에 대표 음식 동그랑땡 새우젓이들어가서 맛있어요~~^^,다진마늘 참기름 새우젖 후추로간을 조절하세요 새우젖은 간보며 조절하심되요 2T정도면간이맞을듯한데양에따라다르답니다 돼지고기다짐육을먼저밑간해주세요 생강가루 소주 후추톡톡잠시재워주세요 야채들은모두채썰어주세요 두부반모는 꼭짜서 으깨주세요 재워둔돼지고기와 야채 두부를 같이섞어주세요 반죽을동그랗게 만들어 밀가루무치고 계란에씌워부쳐주심됩니다 동그랑땡반죽은 아주한입에들어갈정도로 작게만들어야맛도좋답니다
2,스팸 깻잎전 만드는 법  스팸 요리로 요거 괜찮네!,"고기로 만든 깻잎전의 경우 식으면 다시 부치거나 데워서 먹어야 하는데, 스팸 깻잎전은 식은 상태로 집어먹어도 맛있다는 ♥ 거기다 스팸에 간이 되어 있어서 따로 간을 하지 않아도 되는 장점까지 +_+ 그래도 자주 해 먹지는 않는 걸로... 왜냐면 손이 많이 가니까요..... ㅋㅋㅋㅋ 그리고 나서 약불로 예열한 팬에 식용유를 넉넉히 두르고 깻잎 전을 노릇노릇하게 부쳐주기만 하면 끝! 깻잎 앞장에 밀가루를 약간 묻혀준 뒤 적당량의 반죽을 넣고 잘 아무려주세요. 깻잎에 반죽을 모두 채웠으니 다음 단계로 넘어갈게요! ^^ 깻잎은 꼭지를 손질한 뒤 흐르는 물에 깨끗이 씻어 준비해주시고요. 먼저 스팸은 뜨거운 물에 한 번 데쳐준 다음 푸드매셔로 으깨서 준비합니다. 밀가루를 골고루 묻혀준 뒤 가볍게 한 번 털어서 계란 물을 묻혀요. 스팸 야채볶음에 분량의 부침가루, 후"
2,오늘뭐먹지  성시경의 고추장찌개*,"감자1개, 양파 1/2개, 애호박 1/2개, 당근 1/3개, 작은표고버섯 여러개, 홍고추 1개를 썰어주세요. (청고추는 잘라놓거 있어서 그거 사용하려구요) 고추장 3T, 간장2T, 물엿 2T, 다진마늘 1T를 넣어 양념장을 만들어요. 그사이 두부는 사각모양으로 자르고 냄비에 기름을 두르고 목살을 볶다가 고기가 익으면 돼지 고기 목살도 먹기 좋은 크기로 자르구요^^ 뚝배기에 옮겨담은뒤 (찌개는 뚝배기에 넣어야 제맛!) 두부와 청고추를 올려 다시 한번 보글보글 멸치와 다시마를 이용하여 육수를 만듭니다. 바글바글 끓기 시작 하면 홍고추와 표고버섯을 넣고 한소끔 끓입니다. 손질한 채소와 양념을 넣고 육수를 넣고 바글바글 끓여주세요."
2,쫄깃한 골뱅이탕수육,"간이 되어 있는 골뱅이라서 밑간 없이 바로 날밀가루를 묻혀주는데( 그래야 튀김옷이 잘 벗겨지지 않아요. ), 비닐 봉지에 밀가루를 넣고 골뱅이를 넣어 공기를 빵빵하게 한 후 흔들어 주면 고루고루 묻습니다. 감자전분 5큰술, 물 2큰술, 달걀 흰자 1개, 식용유 1큰술을 넣어서 고루 저어주면 튀김옷이 됩니다. 연유같은 농도가 되면 잘 된 것입니다. 기름이 적을 땐 팬을 기울여주면 기름이 한쪽으로 몰려 더 잘 튀겨집니다. 두 번 튀겨주세요. 날밀가루를 묻힌 골뱅이를 튀김옷에 고루 입혀주고요. 스푼으로 버무리면 쉽게 버무려집니다. 목이버섯은 찬물에 설탕을 반큰술 정도 넣고 불리면 잘 불어납니다. 목이버섯은 불리면 양이 많아지니까 감안하고 불리세요. 3조각만 불려도 충분합니다. 물녹말을 넣어 소스가 걸쭉해지면 튀긴 골뱅이를 넣어서 버무려줍니다. 요렇게 튀"
2,깻잎전 만들어놓고 당분간 반찬걱정은 끝! 깻잎요리 :),"계란을 씬~~나게 풀어주시고, 소금 간 살짝 해주세요. 납작해진 깻잎에 앞 뒤로 한 번씩 밀가루 묻혀주시고 계란물에 앞뒤로 한 번씩 또 묻혀주시면 됩니다. 계란물 많~~이 안묻혀도 됩니다요. 넓적한 그릇 두개를 준비하시고, 하나는 계란2개 다른 하나는 밀가루를 담아주세요. (밀가루는 조금씩 추가하면서 하면 여기저기 난리없이 요리할수 있어....요..ㅋㅋ) 대충 깻잎 입을 닫아주시고, 속재료가 안에서 평평하게 퍼지도록 손바닥으로 살.짝. 납작하게 눌러주세요. 쉽게 잘 익히기 위함입니다! 마늘도 잘게잘게~~ 맛 좋은 버섯도 잘게 다져주시고 썰 수 있는 재료는 다 잘게 썰어주세요 두부는 으깨주고(생략가능) (믹서에 형태를 알아볼수 있는 만큼까지만 살짝 돌려주셔도 됩니다. 믹서가 없어 ㅠㅠ) 양파도 잘게잘게~~~~ 재료들이 잘게 썰어지지 않으면 나중에 영혼을 분리"
2,백 선생 집밥  닭볶음탕과 닭찜의 비밀,"간장, 마늘, 대파, 참기름, 후추로 양념장을 만들어준다. 깨끗하게 씻은 닭고기를 흑설탕을 먼저 넣고 볶아준다. 감자, 양파, 당근, 간장을 넣고 끓여준 후 고춧가루를 넣어준다. 감자, 양파, 당근, 양배추, 대파, 고추는 먹기 좋은 크기로 썰어둔다. 감자, 양파, 당근, 표고버섯, 청양초, 붉은 고추는 먹기 좋은 크기로 썰어둔다. 닭고기가 끓으면 거품을 제거해 준다. 닭고기는 우유에 잠시 재워둔다.(우유가 없으면 생략 가능) 만들어 둔 양념장과 물, 양파 당을 넣어준 후 끓여준다. 끓어오르면 썰어둔 감자, 양파, 당근, 표고버섯을 넣어준다. 물 1컵과 설탕을 넣고 끓여준다. 물이 적당히 졸아들면 양배추, 대파, 고추를 넣어준 후 깨소금, 참기름, 후추를 뿌려 완성한다. 불려 둔 당면, 대파, 고추를 넣어 끓여 준 후 마무리한다. 흐르는 물에 핏물을 깨끗하게 제거한 후 칼집을"
2,쫀득쫀득 고소한 돈까스 탕수육,기름을 달군다음 두번 튀겨주세요 등심 돼지고기를 얇게 썰어서 기게에 한번 내려 칼집을 넣어주시고 후추가루 국간장 계란흰자 청주 생강즙을 넣고 밑간을 해주세요 분량의 양념재료를 섞어서 양념소스를 만들어주세요 섞어놓은 가루에 팔팔 끓은 청주 계란흰자 물1컵을 넣고 걸죽하게 반죽을 한다음 밑간을 해둔 돼지고기를 넣고 버무려주세요 애들이 돈까스 우동이 먹고싶다네~후닥 끓여서 돈까스 우동 완성 야채를 모양도 내고 예쁘게 썰어서 담아주세요 오늘 만든 돈까스 탕수육 속은 쫀득쫀득 겉은 바삭바삭 ~맛 최고입니다 완성된 돈까스 탕수육 입니다~만들기 바쁘게 애들이 먹기 시작했는데~금방 후다닥 먹었다요 찹쌀가루 옥수수전분 감자전분을 섞어주세요 청주를 팔팔 끓여주세요 튀김가루에 맥주와 얼음을 넣고 잘 젛어서 튀김옷을 만들어주세요 튀김옷도
2,돼지고기 동그랑땡 만들기,"계란물에 담가 부쳐주시는데 올리브유처럼 향이 강한 오일이 아니라면, 집에서 사용하는 오일과 들기름을 1:1비율로 섞어서 사용해주세요. 그러면 들기름의 향에 계란비린내를 잡기에도 좋고 들기름 특유의 향이 식욕도 돋궈준답니다. 그런다음에 조물조물 밑간하는 시간을 두시는데요 30~1시간 정도 랩을 씌워서, 냉장숙성을 시켜주세요. 그러면 돼지고기 밑간도 확실하게 되면서 잡내도 사라진답니다. 그리고 돼지고기 숙성사이에 당근, 부추, 마늘, 양파, 파 등 다른 주재료를 다져주시는데요. 양파도 한번 짜주시고, 계란을 넣고 조물조물 섞어주실꺼예요. 참기름이 들어갑니다. 참기름이 스며들면서 고소한맛을 한층더해주거든요. 구웠을때 참기름의 고소한 향이 있기에 나중에 날 잡내도 잡아주는거죠. 다 섞어주신다음에는 두툼하게 모양을 잡을 수 있는 팁을 알려드"
2,백종원 모듬전(깻잎전·고추전·동그랑땡),"그리고 깻잎, 동그랑땡, 고추 모두 앞뒤 계란물(+소금·후추 1꼬집)을 입혀주세요. 그리고 칼을 옆으로 눕혀 두부를 완전히 으깨주세요. 깨끗하게 씻은 깻잎의 안쪽 면에만 밀가루를 입혀주시고, 고추는 속에만 살짝 입혀주세요. 이렇게 밀가루를 입혀주면 반죽 소가 잘 달라붙는답니다. 깻잎에는 반죽소를 적당히 올려주시고, 고추는 속을 채워주세요. 너무 많이 넣으면 안 익을 수 있으니 적당적당히 넣어주시면 된답니다. 동그랑땡은 반죽소를 동그랗게 만든 다음 양쪽 손으로 꾹 눌러 얇고 동그란 모양을 만들어주세요. 그리고 위로 취향에 따라 버섯을 올려주세요. 너무 두껍게 만들면 마찬가지로 속까지 잘 안 익을 수 있어요. 먼저 양파·당근·고추·대파를 칼로 잘게 잘게 다져 준비해주세요. 최대한 잘게 다져주는 게 point. 그래야 모양도 예쁘게 나오고, 식감도 부들부"
2,식어두 맛있는 동그랑땡 양념으로 4가지 모듬전,고주 깻잎 표고버섯을 손질합니다 그릇에 담아냅니다 그사이 양념으로 들어갈 재료를 다집니다 다진소고기 다진돼지고기에 소주 쳥주를 넣고 재웁니다 동그랑땡양념한걸로 고추전 깻잎전 표고버섯전 동그랑땡을 순서에 따라 만듭니다 재워둔 고기에 동그랑땡 양념을 합니다
2,제철맞은 버섯으로 끓이는 버섯전골  국물맛이 일품!!,"국간장, 고춧가루, 다진마늘, 매실액, 맛술넣고 양념장 만들어 올려 줍니다 동글동글 빚어 완자 만듭니다 멸치, 다시마넣고 팔팔끓여 육수 만들어요 양파껍질도 함께넣고 끓입니다 버섯전골에 넣을 돼지고기 완자부터 만들어요 돼지고기는 등심을 준비해 블렌더로 갈아서 사용합니다 으깬두부, 다진양파, 다진당근, 부추넣고 잘 섞어 줍니다 청양고추, 달걀, 모짜렐라치즈넣고 잘 치대어 반죽 완성합니다, 소금, 후추뿌려 간 했어요 육수부어 바글바글 끓여요 전골냄비에 무, 새송이버섯, 당근, 방울양배추, 배추, 느타리버섯을 돌려담아요 재료별로 서로 마주보게 놓으면 됩니다 가운데는 비워 놓아요 비워둔 곳에 빚어놓은 완자를 쏘옥~ ㅎㅎ 버섯은 어떤 것이든 상관없는데요 넉넉히 넣으면 좋습니다 팽이버섯넣고 잠시 더 끓여 마무리 해요 국물개운한 버섯전골 완성입"
2,부추 야채 부침개 맛있게 만들기~♡,"노릇노릇 하게 구워 주시면 됩니다~^^ 그리고 양념간장은 재료를 그릇에 담아 섞어주시면 되구요~^^ 까나리액젓이 두~세방울 들어가면~ 조미료 역활을 하기 때문에~ 금방 만들었어도 겉돌지 않아요~^^ 밀가루를 최대한 적게 넣어서 튀김에 가까운 모양 이지만 잘 부쳐진답니다. 밀가루와 미숫가루를 2 : 0.5 비율로 넣고 계란과 소금 물을 넣어주세요. 물은 밀가루와 미숫가루의 1.3배정도넣으시면 됩니다. 고소한게~한번 도전 해보세요~!! 물은 밀가루,미숫가루양의 1.3배정도 넣고 쉐키쉐키~!! 아참! 계란한알도~~! 부추를 뺀 야채를 먼저 넣고 섞은 후 부추를 넣고 최대한 살살 버무려주세요~! 야채는 종류별로 꺼내서 채썰어 넣어 봅니다~! 좀 걸죽하다는 생각이 들수 있습니다~ 하지만 야채에서 물이 나오기때문에 반죽이 묽으면~ 안되요~ 그리고 소금 약간~! 청양고추는 다져서"
2,<비프 스튜와 타르타르소스>,"고기에 밀가루를 바르고 버터를 바른 팬에 넣어 노릇노릇 구워 익힌다. 그릇에 건더기를 담고 국물을 부은 후 다진 파슬리를 뿌린다. 냄비에 물2컵을 붓고 고기와 부케가르니(월계수잎,정향,파슬리줄기)를 만들어 넣고 뚜껑덮고 중불에서 20분정도 푹 끓이다가 냄비에 버터 1과 1/2Ts을 가열하고 밀가루3Ts을 넣은 다음 약한불에서 갈색이 날 때까지 볶아 브라운 루를 만든다. 농도가 걸쭉해지면 소금,후추 간한다. 달걀은 소금,후추를 넣고 삶아 찬물에 넣고 식으면 껍질을 까서 흰자는 0.2cm로 다지고, 노른자는 체에 내린다. 마늘과 파슬리를 다진다. 볼에 마요네즈를 넣고 모든재료(오이피클.양파.달걀)를 섞은 다음 소금,흰후추,파슬리가루,레몬즙을 넣어 묽지않게 농도를 잘 조절한다.(식초는 농도조절, 안넣어도 됨) 소고기는 2.5cm정도의 큐브모양으로 썰어 소금, 후추간 한"
2,오징어순대,당면은 25g정도 삶아서 다져주시는데 25g이면 제손으로 쥐었을때 반줌쫌 안되는 양이랍니다. 끓는물에 충분히 삶아 체에받쳐 물기뺀뒤 헹구지말고 그대로 다져주세요. 두부는 베보자기에 물기짜낸뒤 칼등으로 으깨 주시구요. 오징어다리는 잘게 다져줍니다. 오징어 다리 다질때 살짝 데쳐서 다지면 좀더 쉽답니다. 반죽이 준비됐으면 오징어안에 밀가루를 묻혀주세요. 밀가루를 오징어 속에 넣고 막 흔들고 남은밀가루 털어내주면 골고루 잘묻혀집니다. 밀가루를 묻혀야 속재료랑 오징어가 분리되지않는답니다. 속재료를 너무 끝까지 채우지말고 오징어의 2/3정도만 채워주세요. 오징어가 익으면서 수축되니까 너무 꽉채우면 밖으로 터져나옵답니다. 속재료를 채운뒤 좀 긴 꼬지로 꿰어줍니다. 이쑤시개는 작아서 별루구요 좀 긴꼬지로 단단히 꿰어주세요. 그런다음 오징
2,오징어순대 만드는 법 담백하고 깔끔한 맛에 하트 뿅!,"20분 후 뚜껑을 여니 한 놈 속이 터져 있음 ㅋㅋㅋㅋㅋㅋ 그래도 큰 모양 변화 없이 속만 조금 튀어나와서 다행이에요;; 찌자마자 썰면 너무 뜨거우니까 살짝 식힌 후에 조심스레 썰기! 그리고 계란 1 개와 밀가루 3-4 큰 술을 넣어 한 번 더 잘 섞어줍니다. 끓는 물에 살짝 데친 오징어 다리는 잘게 썰어 준비해주시고요.  대파 1/3개, 당근 1/4, 양파 1/3, 새송이버섯 1/3개도 잘게 썰어주세요. * 속 재료는 각자 취향에 맞게 준비합니다. * 다진 마늘 반 큰 술, 참기름 2 큰 술, 깨소금 1 큰 술을 넣고, 소금은 각자의 감대로 넣어주세요. 저는 1/3 정도 넣었어요. 다진 소고기 100g을 포함한 모든 재료를 볼에 넣어줍니다. 두부 1/3모는 물끼를 쪼옥 빼서, 당면은 30분가량 물에 불려 잘게 썰어줍니다. 밀가루가 보이지 않는다면 반죽 완성! 속을 채운 오징어를 김이 오른 찜통에 넣고 20분 정"
2,짜장면,"달구어진 프라이팬에 포도씨유를 두르고 채썬 마늘을 넣고 향을 내고 밑간을 해둔 돼지고기를 넣고 볶아주세요. 야채들을 넣고 볶아주세요. 야채들이 살짝 익어갈무렵 춘장을 넣구요. 돼지고기는 원하시는 모양으로 썰어서 청주 1t, 소금과 후춧가루를 조금 넣고 미리 밑간을 해주세요. 옥수수캔은 물기를 제거해주세요. 야채들은 먹기편하게 썰어두시구요. 마늘은 가늘게 채썰어주세요. 감자는 썰어서 찬물에다 담궈 전분을 빼주시는거 잊지마시구요. 물 500ml, 옥수수캔을 적당히 넣고 설탕 1과 1/2TS, 물엿 1TS를 넣고 끓여주세요. 짜장소스의 간은 각 가정의 입맛에 맞게 가감하시면서 끓여주세요. 짜장소스가 끓는 동안 짜장면발을 쫄깃쫄깃하게 삶아주세요. 다 삶아지면 찬물에 여러번 헹구어 물기를 빼주시구요. 짜장소스의 야채들이 어느정도 익으면 녹말물을 넣고 짜장"
2,짜장만들기 / 짜장밥 만들기 간단해요,"10분끓인후 짜장소스를 부어주고 약불에 걸죽해질때까지 나무주걱을 이용해 저어주며 끓여줍니다 감자, 당근이 1/2 정도 익으면 양파, 애호박을 넣고 볶아주세요 고기가 익으면 채소중에 단단한 감자, 당근을 먼저 넣고 볶아주세요 이때 식용유는 상황을 봐서 재료들이 팬에 달라붙지 않도록 추가해주며 볶아주면 됩니다 그릇에 밥한공기담고 계란후라이와 오이채썰어 올리고 삶아둔 완두콩 뿌려주면 맛깔스러운 짜장밥이 됩니다^^ 끓여주는동안 짜장가루 1국자반을 덩어리 지지않게 물에 섞어주었어요 당근1개, 감자3개, 애호박1개 양파큰거 2개를 준비해주세요 양파가 작다면 3개를 준비하시면 될것 같아요 돼지고기안심은 300g을 준비했어요 다진마늘0.5T, 후춧가루3번 톡톡뿌려 조물조물 무쳐줍니다 물800ml를 붓고 끓기시작한 시점부터 약불에 10분간 끓여줍니다 준비한"
2,겉은 바삭  속은 쫄깃 닭고기 카레빵 만들기,"계란을 풀어 빵에 묻히고 빵가루 위에 뒹굴립니다. 반죽이 터지지 않게 주의하며 조금씩 눌러가며 빵가루를 묻혀주세요. 그 동안 카레를 만듭니다. 소에 들어갈 야채를 잘게 썰어주세요. 기름에서 튀겨주세요. 처음에 빵가루를 넣어서 튀겨지나 확인해 보시고, 중불(160도)에서 노릇노릇해질 때까지 튀기시면 됩니다. 기름을 두르고 약간 소금을 뿌리고 야채와 닭고기를 볶습니다. 닭고기는 후추, 술을 넣고 삶은 다음 살은 따로 잘게 찢어 준비합니다 반죽은 밀가루를 체친다음 물에 설탕, 드라이 이스트를 섞고 식용유 2 ml를 넣어 반죽합니다. 여러번 손으로 반죽하고 모양이 잡히면 1시간 정도 실온에서 발효시켜주세요.(각자 여러가지 요소에 의해 시간이 달라질 수 있는데, 대략 2배 이상으로 부풀어 오르면 됩니다.) 반죽을 칼로 8등분한 뒤 밀대로 여러 방향으로 밀어 납"
2,크림스튜 만들기~ 따뜻한 국물 요리,"감자, 당근, 애호박, 버섯, 양파, 파프리카는 먹기 좋은 크기로 썰어주세요. 감자는 차가운 물에 2,3분 담가, 전분기를 빼주면 된답니다. 그다음에 감자, 버섯, 애호박, 파프리카, 우유, 화이트 루, 소금, 월계수잎을 넣고 뚜껑을 덮어 5분간 끓여주세요. 그리고 약불로 줄여 30~35분 끓여주면 된답니다. 농도 조절을 늘 취향껏 먹기 좋게 썰어 놓은 소고기에 밑간 재료들을 넣고 잘 섞어주세요. (소금&후추 → 밀가루 순서로) 모서리 부분을 둥글게 다듬어주면, 나중에 끓일 때 예쁘게 유지된답니다. 당근과 감자는 껍질을 벗겨서~ 양파와 당근을 넣고 2분 더 볶고, 화이트 와인을 넣고 3분간 끓여주세요. 여기에 밑간 한 고기를 넣고 2분 더 볶아준 다음, 예열된 냄비에 올리브유 2T와 슬라이스 한 마늘을 넣고 중불에서 1분 동안 볶아주세요. 예열된 프라이팬에 버터 30g을 넣고 약불에"
2,인삼을 활용한 한국식 텐동,"1. 재료에 전분가루를 묻힌 후 튀김 옷을 입히고 180도에서 튀겨줍니다.(계란은 바로 깬 뒤 튀겨줍니다.) 1번국물 1/2C+ 간장1T + 맛술1T +설탕1T를 준비해줍니다. 가쓰오부시를 넣고 불을 꺼준 다음 면보에 걸러 1번국물을 만듭니다. 고기가 익으면 양파를 볶아주다가 준비한 양념들을 넣고 약불에서 끓여줍니다. 그릇에 밥을 담고 돈부리를 올린 후 튀김을 올린 후 깻잎, 무순으로 꾸미고 초무침을 곁들여 마무리한다. 댤걀노른자 1개 + 물 1/2C + 체친 전분 1/4C + 튀김가루 1/4C을 섞어 튀김 옷을 만들어줍니다. 물 다시마를 넣고 끓이다가 끓으면 다시마를 빼고 가쓰오부시를 넣어줍니다. 물2C,가쓰오부시,다시마를 준비해줍니다. 물 2C 요리에 들어갈 재료들을 준비해줍니다.(사진에 넣지 않은 재료들도 있습니다.) 인삼 1개는 슬라이스하고 마늘을 다진 뒤 나머지 실파,팽이버섯,양파,"
2,토마토홍합스튜 만드는 법,"1차양념을 만들어주세요. 고춧가루1Ts,고추장0.5Ts,간장1Ts,물엿0.5Ts,설탕0.5Ts,다진마늘0.5Ts,후춧가루약간 나머지 양파와 피망을 넣고 충분히 재료의 맛이 우러나오게 물을 첨가하여 중불로 은근히 끓여주시면 완성이에요. 돼지고기혹은 닭가슴살을 깍둑썰기로 썰어주세요.(전 잡채거리가 남아있어서 크기만 썰었어요.) 양파는 큼직하게 썰어주세요. 피망도 큼직하게 썰어주세요. 감자와 당근은 한입크기로 썰어주세요. 버섯은 있으면 좋지만 없으면 생략가능해요. 양송이는 채썰어서 준비해주세요. 양파는 큼직하게 한입크기로 썰어주세요. 루가 완성되면 여기에 고기썰은것을 넣고 볶다가 익기어려운 감자,당근을 같이 볶아주세요.이때에는 물을 살짝 첨가해주세요. 먼저 홍합은 깨끗이 씻어서 수염을 제거해주세요. 수염은 꼬리쪽으로 잡아당김되요. 살짝 복잡한 단계지만"
2,동그랑땡과 호박완자전 만들기,가운데 부분을 뚜껑등을 이용해서 동그랗게 뚫어줍니다. 계란물은 채에 한번 걸러 사용하면 계란옷이 훨씬 매끄럽게 입혀지구요. 계란 물 역시 최대한 다 털어낸 후에 달궈진 팬에 올려줍니다. 다진 쇠고기 900g 다진 돼지고기 300g 다진 양파 (2개) 두부1모 (물기 제거 후 사용) 다진 마늘 3큰술 생강즙 1큰술 다진파 1컵 다진 당근 (1개) 계란 4개 소금 2작은술 후춧가루 1작은술 맛술 2큰술 핸드믹서로 고기를 잘 치대준 후 위의 재료들을 다 함께 섞어줍니다. 두부는 채에 받쳐 물기를 빼면서 으깨서 넣어줍니다. (고기를 잘 치대면 끈기가 생겨 빵가루를 따로 넣을 필요가 없어요) 간은 조금 떼어서 팬에 부쳐서 먹어 본 다음 입맛에 맞게 소금을 첨가해 줍니다. (동그랑땡 100개 정도의 분량입니다) 달궈진 팬에 기름을 두루고 동그랑땡을 올린 후 은근한 불에서 서서히 익혀줍니다
2,어묵김말이,"김을 깔고 그 위에 속을 채운 어묵을 올려놓은 뒤돌돌 말아주세요.녹말물이나 튀김옷 물을 묻혀서 마무리 해주세요. 나무 젓가락을 이용해 어묵구멍속에 당면과 야채를 어묵을 꾹꾹 눌러가면서 속을 채워주세요. 당근과 양파는 깨끗히 씻으신 후에 채썰어 준비한 후 후라이팬에 기름을 두르고 팬을 달군 후 당근, 양파를 살짝 볶아주세요. 삶은 당면과 볶은야채를 넣고 잘 섞어주세요.이때 간장1T, 참기름1t 를 넣어서 간을 해주세요. 잘 달군 팬에 기름을 넉넉히 부어주신 다음얇게 튀김옷을 입힌 김말이를 튀겨주세요. 튀긴 김말이를 키친타올에 올려 불필요한 기름을 빼주세요. 잘 말은 김말이에 녹말가루를 살짝 묻혀주세요.튀김가루 또는 밀가루를 이용해 튀김옷을 만들어주세요"
2,현미호두죽,"냄비에 분량의 물과 현미, 찹쌀을 넣고 끓어오르면 불을 중한 불로 줄여 쌀알이 퍼질 때까지 끓인다. 불을 끄고 뚜껑을 덮은 채 약 10분간 뜸을 들인 다음 소금으로 간한다. 어느 정도 익으면 호두 간 것을 넣어 한소끔 더 끓인다. 현미와 찹쌀은 씻어서 불린 후 분말기로 적당히 간다. 호두는 끓는 물에 데친 후 물기를 뺀 다음 분말기에 곱게 간다."
2,북어갈비,1시간 뒤에 간이 적절히 밴 북어를 찹쌀가루에 묻혀주세요.남은 찹쌀가루는 톡톡톡 털어주세요~ 그 다음 통에 북어를 깔고 양념장 1t씩 북어살 안쪽에 뿌려주세요. 달군 후라이팬에 기름을 넉넉히 두르고 찹쌀가루를 묻히 북어를 익혀주세요. (약간 튀긴듯한 느낌으로요) 먹기 좋은 크기로 잘라주세요.저는 일단 반으로 자른뒤 5등분 해줬어요~ 북어->양념장->북어->양념장 순서대로 올려주세요.북어 크기에 따라 양념장이 남을수도 있고 안 남을수도 있지만남은 양념장은 과감히 버려주세요~이렇게 한 뒤 1시간정도 숙성시켜주세요. 북어를 불리는 동안 위의 분량대로 넣어서 양념장을 만들어 주세요. 북어포를 준비해주세여.머리랑 꼬리는 잘라주시고 지느러미도 정리해주세요.그리고 등쪽에 껍질도 제거해주세요.그 다음 물에 5분~10분정도만 불려주세요. 불린 북어를 한번
2,토마토스파게티,5~10분 정도 끓여주면적절한 농도의 토마토소스가 완성되요~이 토마토소스를 이용해서 피자소스로도 이용하세요~ 그 다음 양파와 피망을 넣고 잘 볶아주세요. 달군 후라이팬에 올리브유3T를 두르고다진 마늘을 볶아 향을 내주세요. 둘레가 넓은 냄비를 사용하셔서물을 끓이신 다음에 소금1T를 넣어주세요. 저같이 알단테(중간에 심이 보이는 정도)를 좋아하시는 분들은 7분정도푹 익힌 면을 좋아하시는 분들은 10분정도 익혀주세요. 먼저 페이스트를 넣고 살짝 볶으신 다음에 토마토를 넣어주세요. 위에 과정대로 잘 볶으시면 소스가 약간 되직해져요. 양파랑 피망을 잘게 다져주세요.토마토도 껍질을 제거해주신 다음에 싸를 빼고 잘게 다져서 준비해주세요.꼭 생토마토 이용안하셔도 상관없어요. 이때 면 삶은 물 1C을 넣어서 보글보글 끓여주세요~토마토페이스트에 양념이
2,표고버섯탕수,"건표고를 따뜻한 물에 설탕을 1/2T 정도 넣고 불려주세요. 표고버섯이 다 불었으면 버섯기둥을 제거하고 버섯이 촉촉할 정도로만 물기를 짜서 준비해주세요. 그 다음 미리 만들어둔 탕수소스를 넣고 이때 과일을 넣어주세요.그리고 부글부글 끓여준 다음에 녹말물을 넣어서 농도를 조절해주세요.표고버섯을 튀기는 동안 식지 않도록 약한불에서 가끔씩 저어주시면서 따뜻하게 준비해주세요. 냄비 기름을 두르지 않고 사과 (준비하신 과일)을 빼고 야채들을 잘 볶아주세요. 당근, 오이, 양파, 사과등은 썰어서 준비해주세요.이외에도 파인애플이나 오렌지 (흰부분은 완벽제거), 옥수수, 브로콜리등냉장고에 남아있는 야채와 과일들 총출동!! 시켜주세요. 레시피에 제시한 탕수소스를 녹말물만 제거하고 미리 만들어 두세요.설탕이 다 녹도록 잘 저어서 준비해주세요 불린 표"
2,갈릭치킨,"1시간이 지난뒤 와인 또는 우유를 따라 버리고 다진마늘1T, 올리브유를 뿌려서 골고루 버무려 줍니다. 올리브유 대신 버터를 사용해도 좋아요~ 갈릭치킨을 굽는동안통마늘을 준비해주세요.그 다음 살짝 올리브유를 둘러주고 소금으로 간을 해주세요. 저는 허브솔트를 사용했어요. 갈릭치킨을 구워주면서 꺼내기 5~10분전에 넣어서 구워주세요.처음부터 같이 넣으면 마늘이 형태도 없이 다 뭉그러지더라구요~ 저는 27분 굽고 또 뒤집어서 10분정도 구웠답니다. 그 다음 닭끼리 겹치지 않도록 팬에 올려놓고구워줍니다.저는 자동버튼 '로스트치킨'버튼을 이용했는데요.200C예열해서 20~30분간 구워주면 OK~혹시 오븐이 없으신분들은 후라이팬을 이용해주세요.기름을 살짝 두른 뒤에 갈릭치킨을 올린 다음 뚜껑을 덮고 구워주시면 되요- 닭은 미리 잘라져 있는걸 사거나 잘라달라고"
2,양파링튀김,"그 다음 밀가루1C, 달걀노른자, 찬물을 넣어서 조금 묽게 튀김옷을 만들어 주세요~그 다음 밀가루옷을 입힌 양파를 튀김물을 한번 더 입혀주세요~ 달군 후라이팬에 기름을 넣으시고노릇노릇하게 튀겨주세요~금방익으니깐 불을 너무 세게 하시지는 마세요~ 먼저 양파에 밀가루를 묻혀주세요~ 빵가루에 미리 파슬리 가루를 조금 넣어서 섞어주세요~향도 좋아지고 보기에도 이쁘답니다~ 양파는 좀 두껍게 썰어주세요.1cm정도로 써신 다음에 키친타올을 이용해서 한번씩 꾹꾹 눌러서 물기를 제거헤주세요~ 요렇게 얇게 밀가루옷을 입혀주세요~묻히다 보니 양파는 조금 작은걸 사용하시는게 좋을거 같아요~ 튀김물을 입힌 양파를 이제는 파슬리를 넣은 빵가루를 묻혀주세요~"
2,참치삼각김밥,"고슬고슬 지어진 밥에 참기름1T와 맛소금1t 를 넣고 잘 섞어주세요~ 그 다음 요렇게 속재료를 가운데로 해서 도톰하게 넣어주세요~그 위에 다시 밥 1주걱을 넣고 틀을 꾹- 눌러주세요~ 그 다음 틀을 빼면 이렇게 이쁜 삼각형의 주먹밥이 완성됩니다~ 삼각김밥 틀에 밥 1주걱을 넣은다음 숟가락을 이용해서 꼼꼼히 채워주세요~ 자 위의 레시피대로 하시면 요렇게 삼각김밥 속 재료가 완성됩니다~첫번째는 참치마요, 두번째는 참치고추장, 세번째는 참치김치 입니다~ 참치 1캔을 3등분해서 기름을 뺀 뒤 각각 그릇에 담은 뒤 [참치마요] 참치1/3캔, 마요네즈1T, 곱게 다진 양파1/6개를 잘 섞어주세요.양파대신 피클을 넣으셔도 되구요~ 맛살을 곱게 다져서 넣어주셔도 되요~ [참치김치] 참치1/3캔, 다진김치1/8 포기김치는 적당량 준비하시면 되요~그 다음 후라이팬에 참기름1t를 넣으신"
2,뚝배기해물떡볶이,"그 다음 양배추를 넣고 잘 볶아주세요~ 끓는물에 소금을 약간 넣고 해물을 살짝만 데쳐주세요~ 다 볶았으면 마무리로 파를 넣고 두번정도 잘 볶아주세요~ 떡볶이떡도 끓는물에 살짝 삶은 다음에 참기름1/2t를 넣어 살짝 묻혀주세요~ 모든 야채는 깨끗히 씻어서 손질해주세요.당근은 네모나게 잘라주시구요~ 파는 어슷썰기, 양파는 채를 쳐주세요~양배추는 듬성듬성 크게 잘라주세요. 양념장을 어느정도 볶음다음에 어묵과 떡, 그리고 해물을 넣고 잘 볶아줍니다~이때 국물이 자작한 떡볶이를 만들고 싶으면 물1/2C을 더 넣어주시면 되요~ 여기에다가 양념장과 물 1/3C을 넣고 잘 볶아줍니다.물대신 해물을 삶았던 물을 넣어도 좋아요~ 위의 양념장 분량대로 양념장을 만들어 주세요~저는 여기에다가 약간 멸치장국을 1/2T정도 넣었더니 좋더라구요~있으신 분들은 한번 넣어보세"
2,스팸샌드위치,"그 다음 다시 식빵 한쪽에 남은 소스를 발라주신 다음샌드위치에 덮어주세요~먹기 좋은 크기로 잘라서 흐트러지지 않도록 이쑤시개를 꽂아서 마무리 해주시면 맛있는 스팸샌드위치완성. 그 다음 상추를 올리고요~ 그 위에 슬라이스한 토마토도 올리고요~ 그 위에 잘 구운 스팸싱글을 올려주세요~ 다진 양파 1T에 홀그레인머스터드, 허니머스터드 각각1T 씩 섞어서 소스를 만들어 줍니다.홀그레인머스터드는 겨자씨가 그대로 들어있는 머스터드 인데요~없으시면 그냥 허니머스터드2T를 사용하시면 되요~ 달군 후라이팬에 스팸싱글을 구워주세요~중간불에서 안까지 골고루 익혀주세요~ 샌드위치용으로 나온 두툼한 식빵은 오븐이나 후라이팬에 살짝만 구워주세요~ 이제 구운 식빵 한쪽에 머스터드소스를 발라주세요~ 조금 작은 토마토를 준비했어요~토마토는 슬라이스를 해"
2,참치깻잎주먹밥,"그 다음 끓는물에 참치를 넣어서 살짝 데쳐주신 다음에 물기를 빼주세요~그럼 참치에 있는 기름기가 싸-악- 제거 되요~ 그 다음 참치 비린내를 제거해주기 위해 기름을 두르지 않은 팬에 다진마늘 조금과 참치를 넣고 살짝 볶아주세요~ 깻잎은 한장한장 깨끗이 씻어서 포갠 후에 한번 채 썰어주신 다음에 잘게 다져주세요~ 넓은 볼에 다진 깻잎과 당근, 참치, 잘게 잘라놓은 김을 넣고 깨소금을 넣은 다음에 잘 섞어주세요~이때 참기름을 넣어도 되고요 안 넣어도 상관없어요~그리고 약간의 소금간도 해주세요~ 당근도 깻잎처럼 잘게 다져주세요~ 요렇게 동글동글 이쁘게 모양을 잡아주세요~ 참치는 일단 캔을 딴 다음에 이 상태에서 캔뚜껑을 꾹 눌러서 기름을 살짝 기름을 빼주세요~"
2,새우볶음밥고로케,"그 다음 밀가루->계란물->빵가루를 입혀주세요~ 그 다음에 기름에 퐁당~ 노릇노릇 튀겨줍니다~ 많은양을 쓰시지 마시고 돌돌 굴려가면서 튀겨주세요~ 그 다음 키친타올에 올려서 불필요한 기름을 제거해주세요~ 그럼~ 요렇게 맛있는 새우볶음밥이 완성되요~이대로 도시락을 싸가도 좋아요~하지만 소풍을 갈때는 좀 더 특별하게~ 당근, 양파, 감자, 김치는 모두 송송송 다져서 준비해주세요~저는 애호박을 안 좋아해서 넣지 않았는데~애호박이나 푸른야채를 넣어주시면 색깔 배합이 더 잘 맞겠죠??냉장고를 뒤져서 남은 야채를 모두 송송송 다져서 넣어보세요~ 새우는 꼬리만 남겨두고 깨끗히 손질해주세요~ 이쑤시개를 이용해서 내장도 제거해 주시구요~ 튀겨줄 거니깐 새우꼬리를 벌려보아서 뾰족하게 나온 물주머니도 제거해주시구요~ 새우는 꼬리부분을 약간 남기고 작게"
2,스팸쌈밥,"그 다음에 반찬 통에 맛있게 구운 스팸과 김치를 함께 놔주면~맛있는 꼬마스팸쌈밥 완성~ 그리고 맛있게 간을 해둔 밥을 동글동글 둥글게~크기는 골프공보다 조금 작게 해주시면 되요~ 밥에 참기름1/2t, 맛소금으로 간을 해주시고 잘 섞어주세요~그리고 잠시만 김을 날려주세요~ 밥을 식히는 동안 맛있는 스팸을 구워보도록 해요~저는 도시락통에 맞춰서 썰었어요~저는 쌈밥이랑 스팸을 따로 놓으려고 해서 좀 크게 썰었는데~밥이랑 같이 쌈을 싸고 싶은 분들은 좀 작게 썰어주시면 되겠죠?아니면 아이들 도시락이면 잘게 다져서 밥 속에 넣어도 좋아요~ 상추는 깨끗이 씻어서 준비해주세요~그리고 너무 크면 모양이 안 이쁘니 딱 손바닥 크기정도인 상추를 골라주세요~상추말고도 깻잎이나 그외 쌈야채를 다양하게 이용해줘도 좋겠죠? 요렇게~ 이쁘게 통에 차곡차곡 놓으시"
2,베이컨김치말이밥,"김치도 양파 볶은 팬에 기름을 두르지 말고 김치 물기만 날려줄 정도로 볶아주세요~김치를 볶기 귀찮은 분들은 그냥 꼭 쫘서 사용하셔도 되요~ 깻잎, 양파, 김치 모두 잘게 다져주세요~특히 김치를 다지실때는 안에 들어있는 김치속을 좀 털어주신 다음에 다져주세요~ 먼저 밥을 동그랗게 만드신 다음에 베이컨을 두르고 양쪽을 톡톡 안으로 넣어주시면 사진처럼 모양이 완성되요~베이컨이 풀리지 않도록 이쑤시개를 꽂아줬는데~실파나 미나리 같은게 있으시면 묶어 주셔도 되요~ 밥 1공기에 참기름1T, 소금으로 간을 해주신 다음에볶은 김치와 양파를 넣고 깻잎 넣어서 조물조물 해주세요~ 팬에 기름을 두르지 말고 돌려가면서 노릇노릇 구워주신 후 키친타올에 올려서 기름을 살짝 제거해주세요~ 팬에 기름을 두르지 말고 아주 살짝만 양파를 볶아주세요~"
2,스팸오이식빵롤,"그 다음 머스터드 소스를 식빵에 반 정도만 얇게 발라주세요~ 그 다음 스팸과 오이를 적당히 올려주세요~너무 많이 올려도 잘 안 말리고~ 너무 적게 올리면 잘랐을때 모양이 안 이뻐요~스팸이랑 오이 말고도 양상추나 치즈등 다양하게 올려주세요~ 그 다음에 밀대로 식빵을 얇게 밀어주세요~얇게 밀어주셔야 해요~ 그런 다음 후라이팬에 노릇노릇 맛있게 구워줍니다~노릇노릇~ 지글지글~ 돌돌 말아준 다음 랩으로 싸주세요~그러면 쉽게 풀리지도 않고 먹기도 편해요~이 상태에서 반으로 잘라주세요~ 맛있게 구운 스팸을 좀 식은 다음에 사진처럼 채 썰어주세요~안 식을때 막 썰어 버리면 부서지더라구요~살살 썰어주세요~ 머스터드2T, 마요네즈3T, 작은피클1개를 곱게 다진다음 잘 섞어주세요~ 스팸은 조금 두껍게 썰어주세요~ 식빵은 겉에 부분을 잘라주세요~잘라낸 부분은 버"
2,고구마치즈스틱,고구마를 깨끗히 씻어서 준비해주세요~ 고구마를 물에 많이 담구지 말고 쪄준 다음뜨거울 때 버터1T를 넣어주세요~ 그 다음 고구마를 만두피처럼 만든 다음에 모짜렐라 치즈를 넣고 동그랗게 감싸주세요~ 그 다음 모짜렐라(피자치즈)를 손가락만하게 잘라주세요~ 그 다음 밀가루->달걀물->빵가루 순으로 입혀주세요~빵가루에 파슬리나 기타 말린허브를 넣으면 모양도 보기 좋고 향도 좋아요~ 그 다음 키친타올에 올려서 기름을 쪼옥- 빼주면 완성~ 그 다음에 골고루 섞으면서 으깨주세요~ 그 다음에 기름에 튀겨주세요~겉이 노릇노릇 해지면 바로 꺼내주셔도 되요~다 익은 거라서 치즈가 살짝 녹을 정도만 튀겨주시면 되요~ 그럼 요렇게 두툼한 고구마치즈스틱이 되요~고구마 두께에 따라서 크기는 달라질수 있겠죠?
2,오징어볶음우동,"그릇에 이쁘게 담고 청,홍고추로 장식해주면 완성. 달군 후라이팬에 기름을 두르고 센불에 오징어를 볶아주세요~ 야채랑 오징어가 다 익었으면 데쳐놓은 우동사리를 넣고 한번 볶아주시면 되요~ 양파는 굵게 채썰어주시고당근도 네모나게 잘라주세요~대파랑 청홍고추는 어슷하게 썰어서 준비해주세요~ 오징어는 내장을 깨끗히 제거해 주신 다음에 키친타올을 이용해 오징어 겉에 껍질을 제거해주세요~키친타올을 이용하면 쉽게 제거된답니다~다리는 3등분해주시구요~몸통은 안쪽에 칼집을 넣은 다음에 먹기 좋게 잘라주세요~ 오징어를 살짝 볶은 다음에 썰어놓은 야채를 넣고 센불에 달달 볶아주세요~ 오징어를 재우는 동안 오통통한 우동사리를 끓는 물에 살짝 데쳐주세요~ 위의 레시피 대로 (고추장1T, 고춧가루1T, 다진마늘1T, 참기름1T, 설탕1t, 간장1t, 청주1t, 후추,소금"
2,호두가래떡구이,그럼 요렇게 호두가 뽀얀 속살을 드러냅니다. 그 다음 잘게 다져주세요. 깨는 깨갈이를 이용해서 갈아주시는데요. 저처럼 깨갈이가 없으면 키친타올에 깨를 올려놓은 후에 칼 등으로 다져주시면 되요. 그러면 깨가 사방으로 튀지 않고 깔끔하게 다져집니다. 다진 호두와 깨를 넣고 꿀을 넣어서 잘 섞어주세요. 꿀 말고도 조청이나 물엿을 이용해도 좋아요. 맛있게 구워진 가래떡에 호두와 꿀을 섞은 소스를 알맞게 뿌려주면~ 맛있고 고소한 호두가래떡구이 완성. 먼저 호두는 따뜻한 물에 담가서 껍질을 살짝 불려주세요. 이제 가래떡 굽기! 사진처럼 길게 구워주셔도 되구요. 저렇게 불린 호두를 이쑤시개를 이용해 껍질을 제거해주세요. 저처럼 작게 잘라주신 다음 구워도 되요. 그릴에 노릇노릇 구워줬어요. 후라이팬이나 오븐을 이용해서 구워도 되요. 쫄깃쫄깃 맛있게
2,카레새우삼각김밥,"그 다음에 기름에 노릇노릇 튀겨주세요~그럼 요렇게 맛있는 카레새우속이 완성됩니다~저 상태에서 먹어도 너무 맛있어요~ 그 다음에 삼각김밥틀보다 조금 작게 카레새우속 모양을 만들어주세요~ 그 다음에 삼각김밥틀에 카레밥은 1/3만 담고 그 위에 카레새우속을 올리고 다시 카레밥을 꼼꼼히 채워주세요~ 그럼 요렇게 모양도 이쁜 카레새우삼각밥이 완성! 그럼 이제 카레새우속을 만들어 보아요~새우는 머리,꼬리를 떼어내고 껍질을 벗겨 내장을 제거해서 준비해주세요~ 먼저 밥을 지어보아요~쌀을 깨끗히 씻은 후에 적당량을 물을 붓고 백세카레가루1T를 풀어줍니다~카레의 양은 쌀의 양에 따라 가감해주세요~ 해보니 1~1/2T가 적당한거 같아요~ 빵가루에 미리 백세카레가루를 섞어주신 다음에~ 새우와 양파는 곱게 다져주세요~김치도 송송송 다진 다음에 물기를 쪽- 빼주"
2,블루베리쨈,맛있는 블루베리쨈을 그냥 냉장고에만 넣어 둘 수 없죠~모닝빵을 반으로 가른 뒤에 블루베리쨈을 듬뿍 발라주세요~ 병은 뜨거운물에 넣어서 소독시킨 후에 물기를 제거한 다음에 블루베리쨈을 넣고 미지근할때까지 저렇게 뒤집어 두세요~ 그 다음에 냉장고로~그럼 완성이예요~ 블루베리에 설탕150g을 넣어주세요~달달한거 좋아하시면 200g 정도 넣어줘도 괜찮을거 같아요~ 블루베리와 설탕을 잘 섞어주세요~그런 다음 2시간 정도 놔두세요~설탕에 블루베리색이 물들어서 보라빛 설탕이 되었어요~ 블루베리쨈을 바른 모닝빵을 그릴이나 후라이팬에 올리고~ 꾸욱- 눌러주세요~ 요렇게 꾹 눌러서 바삭하게 구워주면~ 모닝베리 완성♥ 이제 중간불에서 눌지않게 잘 저으시다가끓기 시작하면 약한불로 불을 줄이세요~그 다음 레몬즙과 럼을 넣고 끓여주세요~이렇게 끓이면서 블루
2,미니새우버거,"그 다음 모닝빵을 반으로 가른 뒤에 마요네즈를 얇게 발라주세요~마요네즈 대신 허니머스터드를 발라도 좋구요~마요네즈와 허니머스터드를 섞은 다음 다진 피클을 넣어서 발라줘도 좋아요~ 그 다음 빵크기에 맞게 둥글게 빚어주세요~ 그 위에 노릇노릇 맛있게 구운 새우패티를 올려주세요~ 마요네즈를 바른 빵에 상추 →토마토→피클순으로 올려주세요~ 상추는 깨끗히 씻어서 준비해주시구요. 토마토랑 피클을 슬라이스해서 준비해주세요~상추대신 양상추를 사용하셔도 되고요~ 양배추를 채썰어 사용하셔도 좋아요~ 새우는 깨끗히 손질해서 잘게 다져주세요~통새우가 없으시면 칵테일 새우를 이용하셔도 좋아요~ 새우패티를 노릇노릇 굽는동안 모닝빵을 오븐이나 기름을 두르지 않은 후라이팬에 데워서 따뜻하게 준비해주세요~ 잘게 다진 새우살과 빵가루2T, 밀가루1T,"
2,고구마그라탕,"고구마는 껍질을 벗겨 삶은후 뜨거울때 바로 으깨 주세요. 그라탕용기에 고구마를 깔아 주고요. 그위에 커스터드크림을 올려 주세요. 뭐 취향에 따라 듬뿍 올려 주셔도 되구요. 저는 0.7~1센티의 두깨로 올려 줬답니다. 달콤하고 고소한 영양간식 고구마 그라탕 완성. 뜨거울때 드세요. 마지막으로 모짜렐라치즈와 아몬드 슬라이스를 올리고 210도로 예열된 오븐에 10~15분 정도 구워 줍니다. 온도와 시간은 자신의 오븐에 맞게 조절해 주세요. 먼저 전자레인지로 커스타드크림을 만들어요. 1. 노른자와 설탕, 바닐라오일을 잘 섞어 줍니다. 2. 1에 우유를 넣고 섞어 줍니다. 3. 체친 박력분을 2에 넣는다. 4. 3을 체에 한번 거른다. 5. 내열용기에 담고 랩을 씌워 전자레인지에 3분 돌린다. 6. 꺼내서 잘 섞어주고 다시 랩을 씌워 전자레인지에 3분 돌린다. 7. 꺼내서 섞어준후 버터를 한"
2,밤식빵,1시간후 두배로 부푼 반죽. 틀의 80% 정도만 부풀어 오르면 되요. 깍지를 끼워 쿠키반죽을 표면에 짜주고 아몬드 슬라이스를 솔솔 뿌려 180도로 예열된 오븐에 30분 정도 구워 주세요. 자신의 오븐에 맞게 온도나 시간 조절을 하시면 되요. 반죽이 하나로 뭉쳐지면 1차 발효 없이 둥글리기 해서 젖은 면보를 덮어 10분간 휴지시켜 주세요. 쌀가루로 빵을 만들때는 1차 발효가 필요 없다고 하지요? 어찌나 편한지요. 저는 웰빙식빵틀을 쓸꺼라서 반죽을 두개로 나누었어요. 식빵틀에 넣고 따뜻한물을 적신 젖은 타월을 얹고 2차 발효 1시간 정도 해주세요. 날이 추워 1시간안에 2배로 부풀지 않을수도 있으니 큰 비닐에 반죽이 담긴 틀과 뜨거운물을 담은 그릇을 넣고 비닐을 밀봉해서 발효 하면 발효가 더 잘되요. 식빵표면에 바를 쿠키반죽도 만들어요. 실온을 버터를 부드럽게 풀
2,고구마보트,"고구마를 깨끗하게 씻어서 찜통에 쪄주세요. 통채로 쪄도 되고 반을 잘라서 쪄도 되는데 통채로 찌는게 모양이 더 이뻐요. 고구마가 다 쪄지면 약간의 온기가 남을때까지 식힌후 칼로 반을 잘라 숟가락으로 속을 파서 준비해 주세요. 속을 파낸 고구마는 생크림과 설탕, 버터(1큰술), 소금을 약간 넣고 섞어 주세요. 속을 파낸 고구마에 커스타드 크림을 약간 채우고요~ 커스타드크림 위에 으깬 고구마를 올려 표면을 잘 다듬어 겉에 버터(나머지 1큰술)나 계란물, 커스타드크림을 발라 주세요. 저는 버터와 커스타드크림을 겉에 발라 줬어요. 210도로 예열된 오븐에 겉이 노릇해 질때까지 15분정도 구워 주세요. 이미 다 익은것이니 그냥 겉이 노릇해 질 정도만 익혀 주시면 되요~ 각자 오븐에 맞게 시간조절 하세요~"
2,감자스프,"감자는 깨끗히 씻어서 삶아서 준비해주시구요. 감자를 삶는 동안 감자스프 위에 올릴 토핑을 준비해보아용. 베이컨은 사진처럼 바삭하게 구워주신 다음 키친타올에 올려 기름을 빼주세요. 그 다음 감자 1/2개는 작게 잘라주시구요. 나머지 감자는 생크림과 우유를 넣고 믹서기에 윙 갈아주세요. 녹인 버터위에 양파를 넣고 달달 투명하게 볶아주세요. 바삭하게 구운 베이컨은 잘게 채썰어주시구요. 체다치즈랑 피자치즈 작게 잘라서 준비해주세요. 베이컨이랑 치즈를 가득 올려주고 파슬리를 솔솔 뿌려주면 이제야 말로 웃백이 스타일 감자스프 완성. 치즈가 사르륵 녹아서 더 맛있답니다. 아주 포실포실 감자스프. 이렇게 크래커도 찍어먹으면 더 맛있어요. 빵이나 크래커와 함께 내어주면 아이들 간식으로도 좋아요. 간식으로도 좋고 한끼 식사로도 좋고, 모임때도 등갈비"
